36,-6,GqzsCwI1KktFBpABwuJbpdEanAk=,9lBwAcOlTBCX/H78/YlkTcmE3t0=
36,-5,GqzsCwI1KktFBpABwuJbpdEanAk=,9lBwAcOlTBCX/H78/YlkTcmE3t0=
35,-6,GqzsCwI1KktFBpABwuJbpdEanAk=,9lBwAcOlTBCX/H78/YlkTcmE3t0=
36,-7,GqzsCwI1KktFBpABwuJbpdEanAk=,9lBwAcOlTBCX/H78/YlkTcmE3t0=
35,-7,GqzsCwI1KktFBpABwuJbpdEanAk=,9lBwAcOlTBCX/H78/YlkTcmE3t0=
36,-4,GqzsCwI1KktFBpABwuJbpdEanAk=,9lBwAcOlTBCX/H78/YlkTcmE3t0=
35,-5,gQXUgGMLUpGhxIOXDt7YOYNIoG4=,9lBwAcOlTBCX/H78/YlkTcmE3t0=
36,-3,gQXUgGMLUpGhxIOXDt7YOYNIoG4=,9lBwAcOlTBCX/H78/YlkTcmE3t0=
34,-7,gQXUgGMLUpGhxIOXDt7YOYNIoG4=,9lBwAcOlTBCX/H78/YlkTcmE3t0=
36,-2,gQXUgGMLUpGhxIOXDt7YOYNIoG4=,9lBwAcOlTBCX/H78/YlkTcmE3t0=
34,-6,gQXUgGMLUpGhxIOXDt7YOYNIoG4=,9lBwAcOlTBCX/H78/YlkTcmE3t0=
35,-2,gQXUgGMLUpGhxIOXDt7YOYNIoG4=,cZx8sYdWN0A41U4HzGV1Ul6YW+0=
35,-4,gQXUgGMLUpGhxIOXDt7YOYNIoG4=,9lBwAcOlTBCX/H78/YlkTcmE3t0=
35,-3,gQXUgGMLUpGhxIOXDt7YOYNIoG4=,9lBwAcOlTBCX/H78/YlkTcmE3t0=
37,-5,gQXUgGMLUpGhxIOXDt7YOYNIoG4=,9lBwAcOlTBCX/H78/YlkTcmE3t0=
37,-3,gQXUgGMLUpGhxIOXDt7YOYNIoG4=,9lBwAcOlTBCX/H78/YlkTcmE3t0=
37,-2,gQXUgGMLUpGhxIOXDt7YOYNIoG4=,9lBwAcOlTBCX/H78/YlkTcmE3t0=
37,-4,gQXUgGMLUpGhxIOXDt7YOYNIoG4=,9lBwAcOlTBCX/H78/YlkTcmE3t0=
37,-7,gQXUgGMLUpGhxIOXDt7YOYNIoG4=,9lBwAcOlTBCX/H78/YlkTcmE3t0=
33,-7,gQXUgGMLUpGhxIOXDt7YOYNIoG4=,9lBwAcOlTBCX/H78/YlkTcmE3t0=
37,-6,gQXUgGMLUpGhxIOXDt7YOYNIoG4=,9lBwAcOlTBCX/H78/YlkTcmE3t0=
36,-8,gQXUgGMLUpGhxIOXDt7YOYNIoG4=,9lBwAcOlTBCX/H78/YlkTcmE3t0=
35,-8,gQXUgGMLUpGhxIOXDt7YOYNIoG4=,9lBwAcOlTBCX/H78/YlkTcmE3t0=
34,-8,gQXUgGMLUpGhxIOXDt7YOYNIoG4=,9lBwAcOlTBCX/H78/YlkTcmE3t0=
33,-8,gQXUgGMLUpGhxIOXDt7YOYNIoG4=,9lBwAcOlTBCX/H78/YlkTcmE3t0=
37,-8,gQXUgGMLUpGhxIOXDt7YOYNIoG4=,9lBwAcOlTBCX/H78/YlkTcmE3t0=
33,-6,gQXUgGMLUpGhxIOXDt7YOYNIoG4=,9lBwAcOlTBCX/H78/YlkTcmE3t0=
35,-1,gQXUgGMLUpGhxIOXDt7YOYNIoG4=,cZx8sYdWN0A41U4HzGV1Ul6YW+0=
36,-1,gQXUgGMLUpGhxIOXDt7YOYNIoG4=,9lBwAcOlTBCX/H78/YlkTcmE3t0=
37,-1,gQXUgGMLUpGhxIOXDt7YOYNIoG4=,9lBwAcOlTBCX/H78/YlkTcmE3t0=
32,-7,gQXUgGMLUpGhxIOXDt7YOYNIoG4=,9lBwAcOlTBCX/H78/YlkTcmE3t0=
32,-6,gQXUgGMLUpGhxIOXDt7YOYNIoG4=,9lBwAcOlTBCX/H78/YlkTcmE3t0=
32,-8,gQXUgGMLUpGhxIOXDt7YOYNIoG4=,9lBwAcOlTBCX/H78/YlkTcmE3t0=
34,-1,gQXUgGMLUpGhxIOXDt7YOYNIoG4=,cZx8sYdWN0A41U4HzGV1Ul6YW+0=
33,-5,gQXUgGMLUpGhxIOXDt7YOYNIoG4=,9lBwAcOlTBCX/H78/YlkTcmE3t0=
32,-5,gQXUgGMLUpGhxIOXDt7YOYNIoG4=,9lBwAcOlTBCX/H78/YlkTcmE3t0=
34,-5,gQXUgGMLUpGhxIOXDt7YOYNIoG4=,9lBwAcOlTBCX/H78/YlkTcmE3t0=
34,-2,gQXUgGMLUpGhxIOXDt7YOYNIoG4=,cZx8sYdWN0A41U4HzGV1Ul6YW+0=
34,-4,gQXUgGMLUpGhxIOXDt7YOYNIoG4=,9lBwAcOlTBCX/H78/YlkTcmE3t0=
32,-1,gQXUgGMLUpGhxIOXDt7YOYNIoG4=,cZx8sYdWN0A41U4HzGV1Ul6YW+0=
34,-3,gQXUgGMLUpGhxIOXDt7YOYNIoG4=,9lBwAcOlTBCX/H78/YlkTcmE3t0=
33,-2,gQXUgGMLUpGhxIOXDt7YOYNIoG4=,cZx8sYdWN0A41U4HzGV1Ul6YW+0=
32,-4,gQXUgGMLUpGhxIOXDt7YOYNIoG4=,cZx8sYdWN0A41U4HzGV1Ul6YW+0=
32,-2,gQXUgGMLUpGhxIOXDt7YOYNIoG4=,cZx8sYdWN0A41U4HzGV1Ul6YW+0=
33,-1,gQXUgGMLUpGhxIOXDt7YOYNIoG4=,cZx8sYdWN0A41U4HzGV1Ul6YW+0=
32,-3,gQXUgGMLUpGhxIOXDt7YOYNIoG4=,cZx8sYdWN0A41U4HzGV1Ul6YW+0=
33,-4,gQXUgGMLUpGhxIOXDt7YOYNIoG4=,cZx8sYdWN0A41U4HzGV1Ul6YW+0=
33,-3,gQXUgGMLUpGhxIOXDt7YOYNIoG4=,cZx8sYdWN0A41U4HzGV1Ul6YW+0=
