2,1,LQbWCmfUT/urnHZFhJTdG1wQuCM=,iy4gJx16VEtrHz1hz4lelIt5/vg=
1,1,QH3vPCxgUtTgS88+8w+A5vZ7CjQ=,5cGVLSmiak50SFKU9qliXeKOdCU=
2,4,mSbm/BHt7zvssIdNXb1bqN9kPG4=,/vZ2Mlc9aNYq/Z53M4pc16vEe2c=
1,2,mSbm/BHt7zvssIdNXb1bqN9kPG4=,ACL/vFHZKvDeKe1Uy7sf5KN7pEk=
2,3,mSbm/BHt7zvssIdNXb1bqN9kPG4=,PW3rrI+ZU7RrUp2Ml4MpqktZbWY=
1,4,mSbm/BHt7zvssIdNXb1bqN9kPG4=,BmzP5RNP1ERR9KDmYiaOczqUBJc=
1,3,FNzXxYnloLgsoTh8/vhmRyZWFus=,ACL/vFHZKvDeKe1Uy7sf5KN7pEk=
2,2,FNzXxYnloLgsoTh8/vhmRyZWFus=,PW3rrI+ZU7RrUp2Ml4MpqktZbWY=
1,5,FNzXxYnloLgsoTh8/vhmRyZWFus=,BmzP5RNP1ERR9KDmYiaOczqUBJc=
2,5,FNzXxYnloLgsoTh8/vhmRyZWFus=,/vZ2Mlc9aNYq/Z53M4pc16vEe2c=
1,6,FNzXxYnloLgsoTh8/vhmRyZWFus=,BmzP5RNP1ERR9KDmYiaOczqUBJc=
2,6,FNzXxYnloLgsoTh8/vhmRyZWFus=,/vZ2Mlc9aNYq/Z53M4pc16vEe2c=
2,8,FNzXxYnloLgsoTh8/vhmRyZWFus=,XNh7AEAtV8nuhn3PSRy3OecQhhA=
1,8,ItYI1vDwhX5gjE+eBuV3NryS2xg=,7knYUHjuVtQ8iWlM4ylbzQIqYqQ=
2,7,ItYI1vDwhX5gjE+eBuV3NryS2xg=,/vZ2Mlc9aNYq/Z53M4pc16vEe2c=
1,7,ItYI1vDwhX5gjE+eBuV3NryS2xg=,BmzP5RNP1ERR9KDmYiaOczqUBJc=
1,9,ItYI1vDwhX5gjE+eBuV3NryS2xg=,7knYUHjuVtQ8iWlM4ylbzQIqYqQ=
2,10,ItYI1vDwhX5gjE+eBuV3NryS2xg=,JjStnIBRF527DwdGIuL/gMYF8W4=
1,10,ItYI1vDwhX5gjE+eBuV3NryS2xg=,7knYUHjuVtQ8iWlM4ylbzQIqYqQ=
1,11,ItYI1vDwhX5gjE+eBuV3NryS2xg=,7knYUHjuVtQ8iWlM4ylbzQIqYqQ=
2,9,ItYI1vDwhX5gjE+eBuV3NryS2xg=,XNh7AEAtV8nuhn3PSRy3OecQhhA=
2,12,ItYI1vDwhX5gjE+eBuV3NryS2xg=,XNh7AEAtV8nuhn3PSRy3OecQhhA=
1,12,ItYI1vDwhX5gjE+eBuV3NryS2xg=,7knYUHjuVtQ8iWlM4ylbzQIqYqQ=
1,13,ItYI1vDwhX5gjE+eBuV3NryS2xg=,7knYUHjuVtQ8iWlM4ylbzQIqYqQ=
2,11,ItYI1vDwhX5gjE+eBuV3NryS2xg=,JjStnIBRF527DwdGIuL/gMYF8W4=
2,13,ItYI1vDwhX5gjE+eBuV3NryS2xg=,XNh7AEAtV8nuhn3PSRy3OecQhhA=
1,14,ItYI1vDwhX5gjE+eBuV3NryS2xg=,XNh7AEAtV8nuhn3PSRy3OecQhhA=
2,14,ItYI1vDwhX5gjE+eBuV3NryS2xg=,hVeqkv2KKFX3/FE84uhfM6nIr28=
4,13,RxGMlvqL3GlgN7JlLqfns4txFbs=,mO3UttP8H73S0e+XJwSmAaDBBm4=
3,13,RxGMlvqL3GlgN7JlLqfns4txFbs=,XNh7AEAtV8nuhn3PSRy3OecQhhA=
4,14,RxGMlvqL3GlgN7JlLqfns4txFbs=,mO3UttP8H73S0e+XJwSmAaDBBm4=
3,14,RxGMlvqL3GlgN7JlLqfns4txFbs=,hVeqkv2KKFX3/FE84uhfM6nIr28=
4,11,RxGMlvqL3GlgN7JlLqfns4txFbs=,XNh7AEAtV8nuhn3PSRy3OecQhhA=
3,11,RxGMlvqL3GlgN7JlLqfns4txFbs=,JjStnIBRF527DwdGIuL/gMYF8W4=
4,10,RxGMlvqL3GlgN7JlLqfns4txFbs=,XNh7AEAtV8nuhn3PSRy3OecQhhA=
4,12,RxGMlvqL3GlgN7JlLqfns4txFbs=,mO3UttP8H73S0e+XJwSmAaDBBm4=
3,12,RxGMlvqL3GlgN7JlLqfns4txFbs=,XNh7AEAtV8nuhn3PSRy3OecQhhA=
4,8,RxGMlvqL3GlgN7JlLqfns4txFbs=,T1RVL6fkBy52iAreosyFwiXnCTI=
4,9,RxGMlvqL3GlgN7JlLqfns4txFbs=,T1RVL6fkBy52iAreosyFwiXnCTI=
3,8,RxGMlvqL3GlgN7JlLqfns4txFbs=,XNh7AEAtV8nuhn3PSRy3OecQhhA=
3,9,RxGMlvqL3GlgN7JlLqfns4txFbs=,XNh7AEAtV8nuhn3PSRy3OecQhhA=
3,7,RxGMlvqL3GlgN7JlLqfns4txFbs=,/vZ2Mlc9aNYq/Z53M4pc16vEe2c=
4,6,w6L2yTgACJT66J5ZV76lo6KaU3E=,Ni3INwCZJpBX4k2yNsOUdicx6Lo=
3,6,w6L2yTgACJT66J5ZV76lo6KaU3E=,/vZ2Mlc9aNYq/Z53M4pc16vEe2c=
3,10,rK0eP2iCn28wRK6ZKWICCj58l7U=,JjStnIBRF527DwdGIuL/gMYF8W4=
3,5,rK0eP2iCn28wRK6ZKWICCj58l7U=,/vZ2Mlc9aNYq/Z53M4pc16vEe2c=
4,7,rK0eP2iCn28wRK6ZKWICCj58l7U=,Ni3INwCZJpBX4k2yNsOUdicx6Lo=
3,4,rK0eP2iCn28wRK6ZKWICCj58l7U=,/vZ2Mlc9aNYq/Z53M4pc16vEe2c=
3,3,rK0eP2iCn28wRK6ZKWICCj58l7U=,PW3rrI+ZU7RrUp2Ml4MpqktZbWY=
3,1,rK0eP2iCn28wRK6ZKWICCj58l7U=,iy4gJx16VEtrHz1hz4lelIt5/vg=
3,2,rK0eP2iCn28wRK6ZKWICCj58l7U=,PW3rrI+ZU7RrUp2Ml4MpqktZbWY=
4,2,rK0eP2iCn28wRK6ZKWICCj58l7U=,PW3rrI+ZU7RrUp2Ml4MpqktZbWY=
4,1,rK0eP2iCn28wRK6ZKWICCj58l7U=,NBxjRSeT3M4TJs9T/ulMdVEs37I=
4,4,rK0eP2iCn28wRK6ZKWICCj58l7U=,Ni3INwCZJpBX4k2yNsOUdicx6Lo=
4,3,rK0eP2iCn28wRK6ZKWICCj58l7U=,PW3rrI+ZU7RrUp2Ml4MpqktZbWY=
4,5,rK0eP2iCn28wRK6ZKWICCj58l7U=,Ni3INwCZJpBX4k2yNsOUdicx6Lo=
6,1,rK0eP2iCn28wRK6ZKWICCj58l7U=,/ux0Ba76dMrIXH+VOGpchsmLC0c=
5,4,rK0eP2iCn28wRK6ZKWICCj58l7U=,Ni3INwCZJpBX4k2yNsOUdicx6Lo=
5,3,rK0eP2iCn28wRK6ZKWICCj58l7U=,PW3rrI+ZU7RrUp2Ml4MpqktZbWY=
5,1,rK0eP2iCn28wRK6ZKWICCj58l7U=,NBxjRSeT3M4TJs9T/ulMdVEs37I=
5,2,rK0eP2iCn28wRK6ZKWICCj58l7U=,PW3rrI+ZU7RrUp2Ml4MpqktZbWY=
5,6,rK0eP2iCn28wRK6ZKWICCj58l7U=,Ni3INwCZJpBX4k2yNsOUdicx6Lo=
6,2,rK0eP2iCn28wRK6ZKWICCj58l7U=,k5tS2niAqCl5uIC1XvpZGJrcpeY=
6,3,rK0eP2iCn28wRK6ZKWICCj58l7U=,k5tS2niAqCl5uIC1XvpZGJrcpeY=
5,5,rK0eP2iCn28wRK6ZKWICCj58l7U=,Ni3INwCZJpBX4k2yNsOUdicx6Lo=
6,5,rK0eP2iCn28wRK6ZKWICCj58l7U=,yMTn2DVmWn3AZkMElD8Ifg3mFak=
6,6,rK0eP2iCn28wRK6ZKWICCj58l7U=,ZywgJbXwxAu5Z/OiA2S1fIbiUbY=
6,4,rK0eP2iCn28wRK6ZKWICCj58l7U=,yMTn2DVmWn3AZkMElD8Ifg3mFak=
5,8,rK0eP2iCn28wRK6ZKWICCj58l7U=,T1RVL6fkBy52iAreosyFwiXnCTI=
5,7,rK0eP2iCn28wRK6ZKWICCj58l7U=,Ni3INwCZJpBX4k2yNsOUdicx6Lo=
5,9,rK0eP2iCn28wRK6ZKWICCj58l7U=,T1RVL6fkBy52iAreosyFwiXnCTI=
5,10,rK0eP2iCn28wRK6ZKWICCj58l7U=,XNh7AEAtV8nuhn3PSRy3OecQhhA=
5,12,rK0eP2iCn28wRK6ZKWICCj58l7U=,mO3UttP8H73S0e+XJwSmAaDBBm4=
6,8,rK0eP2iCn28wRK6ZKWICCj58l7U=,DAyzf5GOkQSiPJecMwn/TGKST/0=
5,11,rK0eP2iCn28wRK6ZKWICCj58l7U=,XNh7AEAtV8nuhn3PSRy3OecQhhA=
6,9,rK0eP2iCn28wRK6ZKWICCj58l7U=,DAyzf5GOkQSiPJecMwn/TGKST/0=
5,13,rK0eP2iCn28wRK6ZKWICCj58l7U=,mO3UttP8H73S0e+XJwSmAaDBBm4=
5,14,rK0eP2iCn28wRK6ZKWICCj58l7U=,mO3UttP8H73S0e+XJwSmAaDBBm4=
6,11,rK0eP2iCn28wRK6ZKWICCj58l7U=,cn+FDrUjUAdTEOoe7WYG178RwIc=
6,7,rK0eP2iCn28wRK6ZKWICCj58l7U=,ZywgJbXwxAu5Z/OiA2S1fIbiUbY=
6,10,rK0eP2iCn28wRK6ZKWICCj58l7U=,cn+FDrUjUAdTEOoe7WYG178RwIc=
7,10,rK0eP2iCn28wRK6ZKWICCj58l7U=,cn+FDrUjUAdTEOoe7WYG178RwIc=
8,10,rK0eP2iCn28wRK6ZKWICCj58l7U=,XNh7AEAtV8nuhn3PSRy3OecQhhA=
7,11,rK0eP2iCn28wRK6ZKWICCj58l7U=,cn+FDrUjUAdTEOoe7WYG178RwIc=
6,14,rK0eP2iCn28wRK6ZKWICCj58l7U=,dCg4DVnG4FG9v5Xt1nlwef3dgfc=
7,9,rK0eP2iCn28wRK6ZKWICCj58l7U=,DAyzf5GOkQSiPJecMwn/TGKST/0=
8,9,rK0eP2iCn28wRK6ZKWICCj58l7U=,zMqYMiyexfMpc3CEANoYGjWCwhQ=
6,12,rK0eP2iCn28wRK6ZKWICCj58l7U=,cn+FDrUjUAdTEOoe7WYG178RwIc=
7,14,rK0eP2iCn28wRK6ZKWICCj58l7U=,dCg4DVnG4FG9v5Xt1nlwef3dgfc=
8,12,rK0eP2iCn28wRK6ZKWICCj58l7U=,2XgH/In3wjFPXn/MP5e+VDLNo2U=
6,13,rK0eP2iCn28wRK6ZKWICCj58l7U=,cn+FDrUjUAdTEOoe7WYG178RwIc=
7,12,rK0eP2iCn28wRK6ZKWICCj58l7U=,cn+FDrUjUAdTEOoe7WYG178RwIc=
7,7,rK0eP2iCn28wRK6ZKWICCj58l7U=,ZywgJbXwxAu5Z/OiA2S1fIbiUbY=
8,8,rK0eP2iCn28wRK6ZKWICCj58l7U=,zMqYMiyexfMpc3CEANoYGjWCwhQ=
8,14,rK0eP2iCn28wRK6ZKWICCj58l7U=,2XgH/In3wjFPXn/MP5e+VDLNo2U=
7,13,rK0eP2iCn28wRK6ZKWICCj58l7U=,cn+FDrUjUAdTEOoe7WYG178RwIc=
7,8,rK0eP2iCn28wRK6ZKWICCj58l7U=,DAyzf5GOkQSiPJecMwn/TGKST/0=
7,6,rK0eP2iCn28wRK6ZKWICCj58l7U=,ZywgJbXwxAu5Z/OiA2S1fIbiUbY=
7,5,rK0eP2iCn28wRK6ZKWICCj58l7U=,yMTn2DVmWn3AZkMElD8Ifg3mFak=
8,11,rK0eP2iCn28wRK6ZKWICCj58l7U=,XNh7AEAtV8nuhn3PSRy3OecQhhA=
7,4,rK0eP2iCn28wRK6ZKWICCj58l7U=,yMTn2DVmWn3AZkMElD8Ifg3mFak=
8,13,rK0eP2iCn28wRK6ZKWICCj58l7U=,2XgH/In3wjFPXn/MP5e+VDLNo2U=
7,3,rK0eP2iCn28wRK6ZKWICCj58l7U=,k5tS2niAqCl5uIC1XvpZGJrcpeY=
7,2,rK0eP2iCn28wRK6ZKWICCj58l7U=,k5tS2niAqCl5uIC1XvpZGJrcpeY=
8,7,rK0eP2iCn28wRK6ZKWICCj58l7U=,Yb58e9TAIf8FQXoQ4PX/Dhi6o+4=
8,5,rK0eP2iCn28wRK6ZKWICCj58l7U=,yMTn2DVmWn3AZkMElD8Ifg3mFak=
8,6,rK0eP2iCn28wRK6ZKWICCj58l7U=,Yb58e9TAIf8FQXoQ4PX/Dhi6o+4=
7,1,rK0eP2iCn28wRK6ZKWICCj58l7U=,/ux0Ba76dMrIXH+VOGpchsmLC0c=
8,4,rK0eP2iCn28wRK6ZKWICCj58l7U=,yMTn2DVmWn3AZkMElD8Ifg3mFak=
8,3,rK0eP2iCn28wRK6ZKWICCj58l7U=,vT3U13YwFz73KAmSuQ2agnFFrK8=
8,2,rK0eP2iCn28wRK6ZKWICCj58l7U=,vT3U13YwFz73KAmSuQ2agnFFrK8=
9,6,rK0eP2iCn28wRK6ZKWICCj58l7U=,Yb58e9TAIf8FQXoQ4PX/Dhi6o+4=
8,1,rK0eP2iCn28wRK6ZKWICCj58l7U=,KuxuvfaDaIyX3mpDY7LyHj6jqWo=
9,5,rK0eP2iCn28wRK6ZKWICCj58l7U=,yMTn2DVmWn3AZkMElD8Ifg3mFak=
10,5,rK0eP2iCn28wRK6ZKWICCj58l7U=,9JqkeS386x4kudORigI1EC6996Q=
10,4,rK0eP2iCn28wRK6ZKWICCj58l7U=,9JqkeS386x4kudORigI1EC6996Q=
9,3,rK0eP2iCn28wRK6ZKWICCj58l7U=,vT3U13YwFz73KAmSuQ2agnFFrK8=
9,4,rK0eP2iCn28wRK6ZKWICCj58l7U=,yMTn2DVmWn3AZkMElD8Ifg3mFak=
10,6,rK0eP2iCn28wRK6ZKWICCj58l7U=,Yb58e9TAIf8FQXoQ4PX/Dhi6o+4=
9,1,rK0eP2iCn28wRK6ZKWICCj58l7U=,KuxuvfaDaIyX3mpDY7LyHj6jqWo=
9,2,rK0eP2iCn28wRK6ZKWICCj58l7U=,vT3U13YwFz73KAmSuQ2agnFFrK8=
9,8,rK0eP2iCn28wRK6ZKWICCj58l7U=,zMqYMiyexfMpc3CEANoYGjWCwhQ=
9,7,rK0eP2iCn28wRK6ZKWICCj58l7U=,Yb58e9TAIf8FQXoQ4PX/Dhi6o+4=
10,3,rK0eP2iCn28wRK6ZKWICCj58l7U=,pi6nyEibknhXTqPHhGrU5fEcoCw=
10,7,rK0eP2iCn28wRK6ZKWICCj58l7U=,Yb58e9TAIf8FQXoQ4PX/Dhi6o+4=
9,9,rK0eP2iCn28wRK6ZKWICCj58l7U=,zMqYMiyexfMpc3CEANoYGjWCwhQ=
10,2,rK0eP2iCn28wRK6ZKWICCj58l7U=,pi6nyEibknhXTqPHhGrU5fEcoCw=
10,1,rK0eP2iCn28wRK6ZKWICCj58l7U=,d0UNSHBTQS7BupgdWhj+kFbQbe8=
9,10,rK0eP2iCn28wRK6ZKWICCj58l7U=,XNh7AEAtV8nuhn3PSRy3OecQhhA=
9,11,rK0eP2iCn28wRK6ZKWICCj58l7U=,XNh7AEAtV8nuhn3PSRy3OecQhhA=
9,12,rK0eP2iCn28wRK6ZKWICCj58l7U=,2XgH/In3wjFPXn/MP5e+VDLNo2U=
9,13,rK0eP2iCn28wRK6ZKWICCj58l7U=,2XgH/In3wjFPXn/MP5e+VDLNo2U=
9,14,rK0eP2iCn28wRK6ZKWICCj58l7U=,2XgH/In3wjFPXn/MP5e+VDLNo2U=
10,10,rK0eP2iCn28wRK6ZKWICCj58l7U=,5F0BzBEkuhc5sQ28/vHgzdCvUMk=
10,8,rK0eP2iCn28wRK6ZKWICCj58l7U=,5F0BzBEkuhc5sQ28/vHgzdCvUMk=
10,12,rK0eP2iCn28wRK6ZKWICCj58l7U=,XNh7AEAtV8nuhn3PSRy3OecQhhA=
10,11,rK0eP2iCn28wRK6ZKWICCj58l7U=,5F0BzBEkuhc5sQ28/vHgzdCvUMk=
11,10,rK0eP2iCn28wRK6ZKWICCj58l7U=,5F0BzBEkuhc5sQ28/vHgzdCvUMk=
11,9,rK0eP2iCn28wRK6ZKWICCj58l7U=,5F0BzBEkuhc5sQ28/vHgzdCvUMk=
11,12,rK0eP2iCn28wRK6ZKWICCj58l7U=,XNh7AEAtV8nuhn3PSRy3OecQhhA=
10,13,rK0eP2iCn28wRK6ZKWICCj58l7U=,XNh7AEAtV8nuhn3PSRy3OecQhhA=
11,11,rK0eP2iCn28wRK6ZKWICCj58l7U=,5F0BzBEkuhc5sQ28/vHgzdCvUMk=
10,14,rK0eP2iCn28wRK6ZKWICCj58l7U=,d0UNSHBTQS7BupgdWhj+kFbQbe8=
12,10,rK0eP2iCn28wRK6ZKWICCj58l7U=,dmmYxKfHygyNfuSNlEz844vMPJA=
11,14,rK0eP2iCn28wRK6ZKWICCj58l7U=,d0UNSHBTQS7BupgdWhj+kFbQbe8=
11,13,rK0eP2iCn28wRK6ZKWICCj58l7U=,XNh7AEAtV8nuhn3PSRy3OecQhhA=
12,9,rK0eP2iCn28wRK6ZKWICCj58l7U=,dmmYxKfHygyNfuSNlEz844vMPJA=
10,9,rK0eP2iCn28wRK6ZKWICCj58l7U=,5F0BzBEkuhc5sQ28/vHgzdCvUMk=
12,12,rK0eP2iCn28wRK6ZKWICCj58l7U=,d0UNSHBTQS7BupgdWhj+kFbQbe8=
11,8,rK0eP2iCn28wRK6ZKWICCj58l7U=,5F0BzBEkuhc5sQ28/vHgzdCvUMk=
12,11,rK0eP2iCn28wRK6ZKWICCj58l7U=,dmmYxKfHygyNfuSNlEz844vMPJA=
12,8,rK0eP2iCn28wRK6ZKWICCj58l7U=,dmmYxKfHygyNfuSNlEz844vMPJA=
11,7,rK0eP2iCn28wRK6ZKWICCj58l7U=,Yb58e9TAIf8FQXoQ4PX/Dhi6o+4=
12,14,rK0eP2iCn28wRK6ZKWICCj58l7U=,d0UNSHBTQS7BupgdWhj+kFbQbe8=
12,13,rK0eP2iCn28wRK6ZKWICCj58l7U=,d0UNSHBTQS7BupgdWhj+kFbQbe8=
11,5,rK0eP2iCn28wRK6ZKWICCj58l7U=,9JqkeS386x4kudORigI1EC6996Q=
11,6,rK0eP2iCn28wRK6ZKWICCj58l7U=,Yb58e9TAIf8FQXoQ4PX/Dhi6o+4=
12,6,rK0eP2iCn28wRK6ZKWICCj58l7U=,Yb58e9TAIf8FQXoQ4PX/Dhi6o+4=
12,7,rK0eP2iCn28wRK6ZKWICCj58l7U=,Yb58e9TAIf8FQXoQ4PX/Dhi6o+4=
11,4,rK0eP2iCn28wRK6ZKWICCj58l7U=,9JqkeS386x4kudORigI1EC6996Q=
11,3,rK0eP2iCn28wRK6ZKWICCj58l7U=,pi6nyEibknhXTqPHhGrU5fEcoCw=
12,5,rK0eP2iCn28wRK6ZKWICCj58l7U=,MPCxs6gVFRSJlMTORpzI72X9j98=
11,1,rK0eP2iCn28wRK6ZKWICCj58l7U=,d0UNSHBTQS7BupgdWhj+kFbQbe8=
11,2,rK0eP2iCn28wRK6ZKWICCj58l7U=,pi6nyEibknhXTqPHhGrU5fEcoCw=
12,3,rK0eP2iCn28wRK6ZKWICCj58l7U=,wWHTQcrz4urDH8nATzYUwntM8BU=
13,6,rK0eP2iCn28wRK6ZKWICCj58l7U=,Yb58e9TAIf8FQXoQ4PX/Dhi6o+4=
13,5,rK0eP2iCn28wRK6ZKWICCj58l7U=,MPCxs6gVFRSJlMTORpzI72X9j98=
12,4,rK0eP2iCn28wRK6ZKWICCj58l7U=,MPCxs6gVFRSJlMTORpzI72X9j98=
13,4,rK0eP2iCn28wRK6ZKWICCj58l7U=,MPCxs6gVFRSJlMTORpzI72X9j98=
13,3,rK0eP2iCn28wRK6ZKWICCj58l7U=,wWHTQcrz4urDH8nATzYUwntM8BU=
12,1,rK0eP2iCn28wRK6ZKWICCj58l7U=,d0UNSHBTQS7BupgdWhj+kFbQbe8=
12,2,rK0eP2iCn28wRK6ZKWICCj58l7U=,wWHTQcrz4urDH8nATzYUwntM8BU=
13,2,rK0eP2iCn28wRK6ZKWICCj58l7U=,wWHTQcrz4urDH8nATzYUwntM8BU=
14,5,rK0eP2iCn28wRK6ZKWICCj58l7U=,3lZbfYsMdlVZi3gJSJYilAx33cU=
13,1,rK0eP2iCn28wRK6ZKWICCj58l7U=,d0UNSHBTQS7BupgdWhj+kFbQbe8=
14,6,rK0eP2iCn28wRK6ZKWICCj58l7U=,+xUC9wfaYSDtUq86ShMRJgZpug0=
14,4,rK0eP2iCn28wRK6ZKWICCj58l7U=,3lZbfYsMdlVZi3gJSJYilAx33cU=
14,7,rK0eP2iCn28wRK6ZKWICCj58l7U=,+xUC9wfaYSDtUq86ShMRJgZpug0=
14,3,rK0eP2iCn28wRK6ZKWICCj58l7U=,wWHTQcrz4urDH8nATzYUwntM8BU=
13,7,rK0eP2iCn28wRK6ZKWICCj58l7U=,Yb58e9TAIf8FQXoQ4PX/Dhi6o+4=
13,8,rK0eP2iCn28wRK6ZKWICCj58l7U=,dmmYxKfHygyNfuSNlEz844vMPJA=
14,2,rK0eP2iCn28wRK6ZKWICCj58l7U=,wWHTQcrz4urDH8nATzYUwntM8BU=
13,9,rK0eP2iCn28wRK6ZKWICCj58l7U=,dmmYxKfHygyNfuSNlEz844vMPJA=
14,1,rK0eP2iCn28wRK6ZKWICCj58l7U=,d0UNSHBTQS7BupgdWhj+kFbQbe8=
13,10,rK0eP2iCn28wRK6ZKWICCj58l7U=,dmmYxKfHygyNfuSNlEz844vMPJA=
12,15,rK0eP2iCn28wRK6ZKWICCj58l7U=,d0UNSHBTQS7BupgdWhj+kFbQbe8=
11,15,rK0eP2iCn28wRK6ZKWICCj58l7U=,d0UNSHBTQS7BupgdWhj+kFbQbe8=
9,15,rK0eP2iCn28wRK6ZKWICCj58l7U=,2XgH/In3wjFPXn/MP5e+VDLNo2U=
14,8,rK0eP2iCn28wRK6ZKWICCj58l7U=,Mrwxm4vBO2tlNsOSpExQQvpB4ec=
10,15,rK0eP2iCn28wRK6ZKWICCj58l7U=,d0UNSHBTQS7BupgdWhj+kFbQbe8=
8,15,rK0eP2iCn28wRK6ZKWICCj58l7U=,2XgH/In3wjFPXn/MP5e+VDLNo2U=
5,15,rK0eP2iCn28wRK6ZKWICCj58l7U=,mO3UttP8H73S0e+XJwSmAaDBBm4=
6,15,rK0eP2iCn28wRK6ZKWICCj58l7U=,dCg4DVnG4FG9v5Xt1nlwef3dgfc=
14,10,rK0eP2iCn28wRK6ZKWICCj58l7U=,6vX8vUXZYBFJUn8Nslewkh24qV0=
14,9,rK0eP2iCn28wRK6ZKWICCj58l7U=,Mrwxm4vBO2tlNsOSpExQQvpB4ec=
7,15,rK0eP2iCn28wRK6ZKWICCj58l7U=,dCg4DVnG4FG9v5Xt1nlwef3dgfc=
3,15,rK0eP2iCn28wRK6ZKWICCj58l7U=,hVeqkv2KKFX3/FE84uhfM6nIr28=
1,15,rK0eP2iCn28wRK6ZKWICCj58l7U=,XNh7AEAtV8nuhn3PSRy3OecQhhA=
2,15,rK0eP2iCn28wRK6ZKWICCj58l7U=,hVeqkv2KKFX3/FE84uhfM6nIr28=
4,15,rK0eP2iCn28wRK6ZKWICCj58l7U=,mO3UttP8H73S0e+XJwSmAaDBBm4=
0,13,rK0eP2iCn28wRK6ZKWICCj58l7U=,7knYUHjuVtQ8iWlM4ylbzQIqYqQ=
0,12,rK0eP2iCn28wRK6ZKWICCj58l7U=,7knYUHjuVtQ8iWlM4ylbzQIqYqQ=
0,10,rK0eP2iCn28wRK6ZKWICCj58l7U=,7knYUHjuVtQ8iWlM4ylbzQIqYqQ=
0,9,rK0eP2iCn28wRK6ZKWICCj58l7U=,7knYUHjuVtQ8iWlM4ylbzQIqYqQ=
0,14,rK0eP2iCn28wRK6ZKWICCj58l7U=,XNh7AEAtV8nuhn3PSRy3OecQhhA=
0,11,rK0eP2iCn28wRK6ZKWICCj58l7U=,7knYUHjuVtQ8iWlM4ylbzQIqYqQ=
0,8,rK0eP2iCn28wRK6ZKWICCj58l7U=,7knYUHjuVtQ8iWlM4ylbzQIqYqQ=
0,7,rK0eP2iCn28wRK6ZKWICCj58l7U=,BmzP5RNP1ERR9KDmYiaOczqUBJc=
0,5,rK0eP2iCn28wRK6ZKWICCj58l7U=,BmzP5RNP1ERR9KDmYiaOczqUBJc=
0,6,rK0eP2iCn28wRK6ZKWICCj58l7U=,BmzP5RNP1ERR9KDmYiaOczqUBJc=
0,4,rK0eP2iCn28wRK6ZKWICCj58l7U=,BmzP5RNP1ERR9KDmYiaOczqUBJc=
0,2,rK0eP2iCn28wRK6ZKWICCj58l7U=,ACL/vFHZKvDeKe1Uy7sf5KN7pEk=
0,3,rK0eP2iCn28wRK6ZKWICCj58l7U=,ACL/vFHZKvDeKe1Uy7sf5KN7pEk=
0,1,rK0eP2iCn28wRK6ZKWICCj58l7U=,5cGVLSmiak50SFKU9qliXeKOdCU=
0,0,rK0eP2iCn28wRK6ZKWICCj58l7U=,5cGVLSmiak50SFKU9qliXeKOdCU=
15,11,rK0eP2iCn28wRK6ZKWICCj58l7U=,6vX8vUXZYBFJUn8Nslewkh24qV0=
13,12,rK0eP2iCn28wRK6ZKWICCj58l7U=,d0UNSHBTQS7BupgdWhj+kFbQbe8=
13,11,rK0eP2iCn28wRK6ZKWICCj58l7U=,dmmYxKfHygyNfuSNlEz844vMPJA=
1,0,rK0eP2iCn28wRK6ZKWICCj58l7U=,5cGVLSmiak50SFKU9qliXeKOdCU=
14,11,rK0eP2iCn28wRK6ZKWICCj58l7U=,6vX8vUXZYBFJUn8Nslewkh24qV0=
2,0,rK0eP2iCn28wRK6ZKWICCj58l7U=,iy4gJx16VEtrHz1hz4lelIt5/vg=
6,0,rK0eP2iCn28wRK6ZKWICCj58l7U=,/ux0Ba76dMrIXH+VOGpchsmLC0c=
3,0,rK0eP2iCn28wRK6ZKWICCj58l7U=,iy4gJx16VEtrHz1hz4lelIt5/vg=
15,12,rK0eP2iCn28wRK6ZKWICCj58l7U=,d0UNSHBTQS7BupgdWhj+kFbQbe8=
5,0,rK0eP2iCn28wRK6ZKWICCj58l7U=,NBxjRSeT3M4TJs9T/ulMdVEs37I=
4,0,rK0eP2iCn28wRK6ZKWICCj58l7U=,NBxjRSeT3M4TJs9T/ulMdVEs37I=
8,0,rK0eP2iCn28wRK6ZKWICCj58l7U=,KuxuvfaDaIyX3mpDY7LyHj6jqWo=
14,12,rK0eP2iCn28wRK6ZKWICCj58l7U=,d0UNSHBTQS7BupgdWhj+kFbQbe8=
9,0,rK0eP2iCn28wRK6ZKWICCj58l7U=,KuxuvfaDaIyX3mpDY7LyHj6jqWo=
7,0,rK0eP2iCn28wRK6ZKWICCj58l7U=,/ux0Ba76dMrIXH+VOGpchsmLC0c=
10,0,rK0eP2iCn28wRK6ZKWICCj58l7U=,d0UNSHBTQS7BupgdWhj+kFbQbe8=
11,0,rK0eP2iCn28wRK6ZKWICCj58l7U=,d0UNSHBTQS7BupgdWhj+kFbQbe8=
12,0,rK0eP2iCn28wRK6ZKWICCj58l7U=,d0UNSHBTQS7BupgdWhj+kFbQbe8=
14,0,rK0eP2iCn28wRK6ZKWICCj58l7U=,d0UNSHBTQS7BupgdWhj+kFbQbe8=
13,0,rK0eP2iCn28wRK6ZKWICCj58l7U=,d0UNSHBTQS7BupgdWhj+kFbQbe8=
15,2,rK0eP2iCn28wRK6ZKWICCj58l7U=,wWHTQcrz4urDH8nATzYUwntM8BU=
15,1,rK0eP2iCn28wRK6ZKWICCj58l7U=,d0UNSHBTQS7BupgdWhj+kFbQbe8=
15,3,rK0eP2iCn28wRK6ZKWICCj58l7U=,wWHTQcrz4urDH8nATzYUwntM8BU=
15,4,rK0eP2iCn28wRK6ZKWICCj58l7U=,3lZbfYsMdlVZi3gJSJYilAx33cU=
15,10,rK0eP2iCn28wRK6ZKWICCj58l7U=,6vX8vUXZYBFJUn8Nslewkh24qV0=
15,6,rK0eP2iCn28wRK6ZKWICCj58l7U=,+xUC9wfaYSDtUq86ShMRJgZpug0=
15,7,rK0eP2iCn28wRK6ZKWICCj58l7U=,+xUC9wfaYSDtUq86ShMRJgZpug0=
15,8,rK0eP2iCn28wRK6ZKWICCj58l7U=,Mrwxm4vBO2tlNsOSpExQQvpB4ec=
15,9,rK0eP2iCn28wRK6ZKWICCj58l7U=,Mrwxm4vBO2tlNsOSpExQQvpB4ec=
13,13,rK0eP2iCn28wRK6ZKWICCj58l7U=,d0UNSHBTQS7BupgdWhj+kFbQbe8=
15,5,rK0eP2iCn28wRK6ZKWICCj58l7U=,3lZbfYsMdlVZi3gJSJYilAx33cU=
13,14,rK0eP2iCn28wRK6ZKWICCj58l7U=,d0UNSHBTQS7BupgdWhj+kFbQbe8=
0,15,rK0eP2iCn28wRK6ZKWICCj58l7U=,XNh7AEAtV8nuhn3PSRy3OecQhhA=
13,15,rK0eP2iCn28wRK6ZKWICCj58l7U=,d0UNSHBTQS7BupgdWhj+kFbQbe8=
15,13,rK0eP2iCn28wRK6ZKWICCj58l7U=,d0UNSHBTQS7BupgdWhj+kFbQbe8=
14,13,rK0eP2iCn28wRK6ZKWICCj58l7U=,d0UNSHBTQS7BupgdWhj+kFbQbe8=
15,0,rK0eP2iCn28wRK6ZKWICCj58l7U=,d0UNSHBTQS7BupgdWhj+kFbQbe8=
14,14,rK0eP2iCn28wRK6ZKWICCj58l7U=,d0UNSHBTQS7BupgdWhj+kFbQbe8=
15,14,rK0eP2iCn28wRK6ZKWICCj58l7U=,d0UNSHBTQS7BupgdWhj+kFbQbe8=
14,15,rK0eP2iCn28wRK6ZKWICCj58l7U=,d0UNSHBTQS7BupgdWhj+kFbQbe8=
15,15,rK0eP2iCn28wRK6ZKWICCj58l7U=,d0UNSHBTQS7BupgdWhj+kFbQbe8=
6,17,rK0eP2iCn28wRK6ZKWICCj58l7U=,3fslbe08wRooT9mPslqQTZ5a8sw=
6,18,rK0eP2iCn28wRK6ZKWICCj58l7U=,d0UNSHBTQS7BupgdWhj+kFbQbe8=
5,18,rK0eP2iCn28wRK6ZKWICCj58l7U=,bv8fRdIos9WUhaKwePQghBoQc8o=
5,17,rK0eP2iCn28wRK6ZKWICCj58l7U=,8IJnmnWndFFUJ22PE4CQqsxdFog=
5,20,rK0eP2iCn28wRK6ZKWICCj58l7U=,bv8fRdIos9WUhaKwePQghBoQc8o=
6,20,rK0eP2iCn28wRK6ZKWICCj58l7U=,kaKNeE4Nx5cTogziwCAGsuwAwWg=
6,19,rK0eP2iCn28wRK6ZKWICCj58l7U=,d0UNSHBTQS7BupgdWhj+kFbQbe8=
5,19,rK0eP2iCn28wRK6ZKWICCj58l7U=,bv8fRdIos9WUhaKwePQghBoQc8o=
3,19,rK0eP2iCn28wRK6ZKWICCj58l7U=,6WCcatFycUSp21k3otaOxyn6ZNY=
4,19,rK0eP2iCn28wRK6ZKWICCj58l7U=,bv8fRdIos9WUhaKwePQghBoQc8o=
4,20,+T3LXitewvRqSeHCzemVTfC8JqM=,bv8fRdIos9WUhaKwePQghBoQc8o=
3,18,+T3LXitewvRqSeHCzemVTfC8JqM=,6WCcatFycUSp21k3otaOxyn6ZNY=
4,18,+T3LXitewvRqSeHCzemVTfC8JqM=,bv8fRdIos9WUhaKwePQghBoQc8o=
4,17,+T3LXitewvRqSeHCzemVTfC8JqM=,8IJnmnWndFFUJ22PE4CQqsxdFog=
3,17,+T3LXitewvRqSeHCzemVTfC8JqM=,nwEVE4X2uFpGcrdRQLmKFGVJ5n4=
3,20,+T3LXitewvRqSeHCzemVTfC8JqM=,bv8fRdIos9WUhaKwePQghBoQc8o=
4,16,+T3LXitewvRqSeHCzemVTfC8JqM=,8IJnmnWndFFUJ22PE4CQqsxdFog=
3,16,+T3LXitewvRqSeHCzemVTfC8JqM=,nwEVE4X2uFpGcrdRQLmKFGVJ5n4=
2,17,+T3LXitewvRqSeHCzemVTfC8JqM=,nwEVE4X2uFpGcrdRQLmKFGVJ5n4=
1,18,+T3LXitewvRqSeHCzemVTfC8JqM=,bv8fRdIos9WUhaKwePQghBoQc8o=
2,21,+T3LXitewvRqSeHCzemVTfC8JqM=,bv8fRdIos9WUhaKwePQghBoQc8o=
1,16,+T3LXitewvRqSeHCzemVTfC8JqM=,zOFQM55C/Dm3Ipva50LbvY1qZTc=
0,21,+T3LXitewvRqSeHCzemVTfC8JqM=,bv8fRdIos9WUhaKwePQghBoQc8o=
1,21,+T3LXitewvRqSeHCzemVTfC8JqM=,bv8fRdIos9WUhaKwePQghBoQc8o=
2,18,+T3LXitewvRqSeHCzemVTfC8JqM=,6WCcatFycUSp21k3otaOxyn6ZNY=
0,18,+T3LXitewvRqSeHCzemVTfC8JqM=,bv8fRdIos9WUhaKwePQghBoQc8o=
6,16,+T3LXitewvRqSeHCzemVTfC8JqM=,3fslbe08wRooT9mPslqQTZ5a8sw=
2,19,1frr8M0A367QDo2/CslAIXvTSIo=,6WCcatFycUSp21k3otaOxyn6ZNY=
0,20,1frr8M0A367QDo2/CslAIXvTSIo=,bv8fRdIos9WUhaKwePQghBoQc8o=
2,20,1frr8M0A367QDo2/CslAIXvTSIo=,bv8fRdIos9WUhaKwePQghBoQc8o=
0,19,1frr8M0A367QDo2/CslAIXvTSIo=,bv8fRdIos9WUhaKwePQghBoQc8o=
5,16,1frr8M0A367QDo2/CslAIXvTSIo=,8IJnmnWndFFUJ22PE4CQqsxdFog=
1,19,1frr8M0A367QDo2/CslAIXvTSIo=,bv8fRdIos9WUhaKwePQghBoQc8o=
0,17,1frr8M0A367QDo2/CslAIXvTSIo=,zOFQM55C/Dm3Ipva50LbvY1qZTc=
2,16,1frr8M0A367QDo2/CslAIXvTSIo=,nwEVE4X2uFpGcrdRQLmKFGVJ5n4=
1,17,1frr8M0A367QDo2/CslAIXvTSIo=,zOFQM55C/Dm3Ipva50LbvY1qZTc=
1,20,1frr8M0A367QDo2/CslAIXvTSIo=,bv8fRdIos9WUhaKwePQghBoQc8o=
7,20,1frr8M0A367QDo2/CslAIXvTSIo=,kaKNeE4Nx5cTogziwCAGsuwAwWg=
7,18,1frr8M0A367QDo2/CslAIXvTSIo=,d0UNSHBTQS7BupgdWhj+kFbQbe8=
7,19,1frr8M0A367QDo2/CslAIXvTSIo=,d0UNSHBTQS7BupgdWhj+kFbQbe8=
7,17,1frr8M0A367QDo2/CslAIXvTSIo=,3fslbe08wRooT9mPslqQTZ5a8sw=
8,19,1frr8M0A367QDo2/CslAIXvTSIo=,d0UNSHBTQS7BupgdWhj+kFbQbe8=
8,20,1frr8M0A367QDo2/CslAIXvTSIo=,42Hezi8/eLDXVYR4FB5v5J1w+Rw=
8,17,1frr8M0A367QDo2/CslAIXvTSIo=,3fslbe08wRooT9mPslqQTZ5a8sw=
9,17,1frr8M0A367QDo2/CslAIXvTSIo=,3fslbe08wRooT9mPslqQTZ5a8sw=
8,18,1frr8M0A367QDo2/CslAIXvTSIo=,d0UNSHBTQS7BupgdWhj+kFbQbe8=
9,18,1frr8M0A367QDo2/CslAIXvTSIo=,d0UNSHBTQS7BupgdWhj+kFbQbe8=
10,18,1frr8M0A367QDo2/CslAIXvTSIo=,d0UNSHBTQS7BupgdWhj+kFbQbe8=
10,17,1frr8M0A367QDo2/CslAIXvTSIo=,d0UNSHBTQS7BupgdWhj+kFbQbe8=
12,17,1frr8M0A367QDo2/CslAIXvTSIo=,d0UNSHBTQS7BupgdWhj+kFbQbe8=
11,17,1frr8M0A367QDo2/CslAIXvTSIo=,d0UNSHBTQS7BupgdWhj+kFbQbe8=
12,18,1frr8M0A367QDo2/CslAIXvTSIo=,d0UNSHBTQS7BupgdWhj+kFbQbe8=
14,20,1frr8M0A367QDo2/CslAIXvTSIo=,d0UNSHBTQS7BupgdWhj+kFbQbe8=
4,21,1frr8M0A367QDo2/CslAIXvTSIo=,bv8fRdIos9WUhaKwePQghBoQc8o=
13,20,1frr8M0A367QDo2/CslAIXvTSIo=,d0UNSHBTQS7BupgdWhj+kFbQbe8=
3,21,1frr8M0A367QDo2/CslAIXvTSIo=,bv8fRdIos9WUhaKwePQghBoQc8o=
14,19,1frr8M0A367QDo2/CslAIXvTSIo=,d0UNSHBTQS7BupgdWhj+kFbQbe8=
13,19,1frr8M0A367QDo2/CslAIXvTSIo=,d0UNSHBTQS7BupgdWhj+kFbQbe8=
11,18,1frr8M0A367QDo2/CslAIXvTSIo=,d0UNSHBTQS7BupgdWhj+kFbQbe8=
6,21,1frr8M0A367QDo2/CslAIXvTSIo=,kaKNeE4Nx5cTogziwCAGsuwAwWg=
8,21,1frr8M0A367QDo2/CslAIXvTSIo=,42Hezi8/eLDXVYR4FB5v5J1w+Rw=
15,19,1frr8M0A367QDo2/CslAIXvTSIo=,d0UNSHBTQS7BupgdWhj+kFbQbe8=
7,21,1frr8M0A367QDo2/CslAIXvTSIo=,kaKNeE4Nx5cTogziwCAGsuwAwWg=
13,21,1frr8M0A367QDo2/CslAIXvTSIo=,d0UNSHBTQS7BupgdWhj+kFbQbe8=
14,21,1frr8M0A367QDo2/CslAIXvTSIo=,d0UNSHBTQS7BupgdWhj+kFbQbe8=
15,21,1frr8M0A367QDo2/CslAIXvTSIo=,d0UNSHBTQS7BupgdWhj+kFbQbe8=
5,21,1frr8M0A367QDo2/CslAIXvTSIo=,bv8fRdIos9WUhaKwePQghBoQc8o=
12,16,1frr8M0A367QDo2/CslAIXvTSIo=,d0UNSHBTQS7BupgdWhj+kFbQbe8=
15,20,1frr8M0A367QDo2/CslAIXvTSIo=,d0UNSHBTQS7BupgdWhj+kFbQbe8=
7,16,1frr8M0A367QDo2/CslAIXvTSIo=,3fslbe08wRooT9mPslqQTZ5a8sw=
10,16,1frr8M0A367QDo2/CslAIXvTSIo=,d0UNSHBTQS7BupgdWhj+kFbQbe8=
9,21,1frr8M0A367QDo2/CslAIXvTSIo=,42Hezi8/eLDXVYR4FB5v5J1w+Rw=
9,16,1frr8M0A367QDo2/CslAIXvTSIo=,3fslbe08wRooT9mPslqQTZ5a8sw=
9,19,1frr8M0A367QDo2/CslAIXvTSIo=,d0UNSHBTQS7BupgdWhj+kFbQbe8=
11,16,1frr8M0A367QDo2/CslAIXvTSIo=,d0UNSHBTQS7BupgdWhj+kFbQbe8=
12,20,1frr8M0A367QDo2/CslAIXvTSIo=,d0UNSHBTQS7BupgdWhj+kFbQbe8=
9,20,1frr8M0A367QDo2/CslAIXvTSIo=,42Hezi8/eLDXVYR4FB5v5J1w+Rw=
13,16,1frr8M0A367QDo2/CslAIXvTSIo=,d0UNSHBTQS7BupgdWhj+kFbQbe8=
11,21,1frr8M0A367QDo2/CslAIXvTSIo=,d0UNSHBTQS7BupgdWhj+kFbQbe8=
14,18,1frr8M0A367QDo2/CslAIXvTSIo=,d0UNSHBTQS7BupgdWhj+kFbQbe8=
10,19,1frr8M0A367QDo2/CslAIXvTSIo=,d0UNSHBTQS7BupgdWhj+kFbQbe8=
12,21,1frr8M0A367QDo2/CslAIXvTSIo=,d0UNSHBTQS7BupgdWhj+kFbQbe8=
10,21,1frr8M0A367QDo2/CslAIXvTSIo=,d0UNSHBTQS7BupgdWhj+kFbQbe8=
8,16,1frr8M0A367QDo2/CslAIXvTSIo=,3fslbe08wRooT9mPslqQTZ5a8sw=
15,18,1frr8M0A367QDo2/CslAIXvTSIo=,d0UNSHBTQS7BupgdWhj+kFbQbe8=
11,20,1frr8M0A367QDo2/CslAIXvTSIo=,d0UNSHBTQS7BupgdWhj+kFbQbe8=
11,19,1frr8M0A367QDo2/CslAIXvTSIo=,d0UNSHBTQS7BupgdWhj+kFbQbe8=
10,20,1frr8M0A367QDo2/CslAIXvTSIo=,d0UNSHBTQS7BupgdWhj+kFbQbe8=
0,16,1frr8M0A367QDo2/CslAIXvTSIo=,zOFQM55C/Dm3Ipva50LbvY1qZTc=
12,19,1frr8M0A367QDo2/CslAIXvTSIo=,d0UNSHBTQS7BupgdWhj+kFbQbe8=
14,17,1frr8M0A367QDo2/CslAIXvTSIo=,d0UNSHBTQS7BupgdWhj+kFbQbe8=
13,17,1frr8M0A367QDo2/CslAIXvTSIo=,d0UNSHBTQS7BupgdWhj+kFbQbe8=
13,18,1frr8M0A367QDo2/CslAIXvTSIo=,d0UNSHBTQS7BupgdWhj+kFbQbe8=
14,16,1frr8M0A367QDo2/CslAIXvTSIo=,d0UNSHBTQS7BupgdWhj+kFbQbe8=
15,16,1frr8M0A367QDo2/CslAIXvTSIo=,d0UNSHBTQS7BupgdWhj+kFbQbe8=
15,17,1frr8M0A367QDo2/CslAIXvTSIo=,d0UNSHBTQS7BupgdWhj+kFbQbe8=
19,19,A/IGItezEsztsSNJggxSOOrRE7g=,ZCVD6RdPdS4neNCMQxnTCrlxNp4=
19,20,A/IGItezEsztsSNJggxSOOrRE7g=,v9Ho08xb67wf6+40ui5r/Bjo6cM=
20,19,A/IGItezEsztsSNJggxSOOrRE7g=,/ylqOvAsUDW9BwLncqtM70k1Vfk=
20,20,A/IGItezEsztsSNJggxSOOrRE7g=,Y4YQyoq8070MpawIvVmgALlZHFQ=
19,17,A/IGItezEsztsSNJggxSOOrRE7g=,MhNNQfDlvEPOb1qzK2TTPdgnoS4=
19,18,A/IGItezEsztsSNJggxSOOrRE7g=,ZCVD6RdPdS4neNCMQxnTCrlxNp4=
21,19,A/IGItezEsztsSNJggxSOOrRE7g=,/ylqOvAsUDW9BwLncqtM70k1Vfk=
20,18,A/IGItezEsztsSNJggxSOOrRE7g=,/ylqOvAsUDW9BwLncqtM70k1Vfk=
21,20,A/IGItezEsztsSNJggxSOOrRE7g=,Y4YQyoq8070MpawIvVmgALlZHFQ=
21,18,A/IGItezEsztsSNJggxSOOrRE7g=,/ylqOvAsUDW9BwLncqtM70k1Vfk=
20,21,A/IGItezEsztsSNJggxSOOrRE7g=,Y4YQyoq8070MpawIvVmgALlZHFQ=
21,21,A/IGItezEsztsSNJggxSOOrRE7g=,Y4YQyoq8070MpawIvVmgALlZHFQ=
19,21,A/IGItezEsztsSNJggxSOOrRE7g=,v9Ho08xb67wf6+40ui5r/Bjo6cM=
19,16,A/IGItezEsztsSNJggxSOOrRE7g=,MhNNQfDlvEPOb1qzK2TTPdgnoS4=
20,17,A/IGItezEsztsSNJggxSOOrRE7g=,inSSJNljpgtAcmsn/Wkb2lOMxg8=
21,17,A/IGItezEsztsSNJggxSOOrRE7g=,inSSJNljpgtAcmsn/Wkb2lOMxg8=
18,21,A/IGItezEsztsSNJggxSOOrRE7g=,v9Ho08xb67wf6+40ui5r/Bjo6cM=
21,16,A/IGItezEsztsSNJggxSOOrRE7g=,inSSJNljpgtAcmsn/Wkb2lOMxg8=
18,19,A/IGItezEsztsSNJggxSOOrRE7g=,ZCVD6RdPdS4neNCMQxnTCrlxNp4=
20,16,A/IGItezEsztsSNJggxSOOrRE7g=,inSSJNljpgtAcmsn/Wkb2lOMxg8=
17,19,A/IGItezEsztsSNJggxSOOrRE7g=,WiD2EXxqNi2UBDuVBVaTbxstUj4=
18,16,A/IGItezEsztsSNJggxSOOrRE7g=,MhNNQfDlvEPOb1qzK2TTPdgnoS4=
17,21,A/IGItezEsztsSNJggxSOOrRE7g=,Wd8/4/Ctu4lgu4qhbyO82gmWZGc=
18,18,A/IGItezEsztsSNJggxSOOrRE7g=,ZCVD6RdPdS4neNCMQxnTCrlxNp4=
17,20,A/IGItezEsztsSNJggxSOOrRE7g=,Wd8/4/Ctu4lgu4qhbyO82gmWZGc=
18,20,A/IGItezEsztsSNJggxSOOrRE7g=,v9Ho08xb67wf6+40ui5r/Bjo6cM=
16,21,A/IGItezEsztsSNJggxSOOrRE7g=,Wd8/4/Ctu4lgu4qhbyO82gmWZGc=
17,18,A/IGItezEsztsSNJggxSOOrRE7g=,WiD2EXxqNi2UBDuVBVaTbxstUj4=
16,18,A/IGItezEsztsSNJggxSOOrRE7g=,WiD2EXxqNi2UBDuVBVaTbxstUj4=
18,17,A/IGItezEsztsSNJggxSOOrRE7g=,MhNNQfDlvEPOb1qzK2TTPdgnoS4=
16,20,A/IGItezEsztsSNJggxSOOrRE7g=,Wd8/4/Ctu4lgu4qhbyO82gmWZGc=
16,19,A/IGItezEsztsSNJggxSOOrRE7g=,WiD2EXxqNi2UBDuVBVaTbxstUj4=
16,16,A/IGItezEsztsSNJggxSOOrRE7g=,d0UNSHBTQS7BupgdWhj+kFbQbe8=
16,17,A/IGItezEsztsSNJggxSOOrRE7g=,d0UNSHBTQS7BupgdWhj+kFbQbe8=
17,17,A/IGItezEsztsSNJggxSOOrRE7g=,d0UNSHBTQS7BupgdWhj+kFbQbe8=
17,16,A/IGItezEsztsSNJggxSOOrRE7g=,d0UNSHBTQS7BupgdWhj+kFbQbe8=
20,13,w8vkLkTOeC9/laYyOHEo0NzOp0M=,Mw18kR1gmuWeof61puQwqxp0un4=
20,14,w8vkLkTOeC9/laYyOHEo0NzOp0M=,jhX6OVioUUE+SwqNR60AR1kpoIY=
19,14,w8vkLkTOeC9/laYyOHEo0NzOp0M=,d0UNSHBTQS7BupgdWhj+kFbQbe8=
19,13,w8vkLkTOeC9/laYyOHEo0NzOp0M=,d0UNSHBTQS7BupgdWhj+kFbQbe8=
18,14,w8vkLkTOeC9/laYyOHEo0NzOp0M=,d0UNSHBTQS7BupgdWhj+kFbQbe8=
17,14,w8vkLkTOeC9/laYyOHEo0NzOp0M=,d0UNSHBTQS7BupgdWhj+kFbQbe8=
18,13,w8vkLkTOeC9/laYyOHEo0NzOp0M=,d0UNSHBTQS7BupgdWhj+kFbQbe8=
17,13,w8vkLkTOeC9/laYyOHEo0NzOp0M=,d0UNSHBTQS7BupgdWhj+kFbQbe8=
18,11,w8vkLkTOeC9/laYyOHEo0NzOp0M=,d0UNSHBTQS7BupgdWhj+kFbQbe8=
17,11,w8vkLkTOeC9/laYyOHEo0NzOp0M=,d0UNSHBTQS7BupgdWhj+kFbQbe8=
17,12,w8vkLkTOeC9/laYyOHEo0NzOp0M=,d0UNSHBTQS7BupgdWhj+kFbQbe8=
18,12,w8vkLkTOeC9/laYyOHEo0NzOp0M=,d0UNSHBTQS7BupgdWhj+kFbQbe8=
20,11,w8vkLkTOeC9/laYyOHEo0NzOp0M=,04LC9bG1KTPMmXUKJ651LISLDzo=
20,12,w8vkLkTOeC9/laYyOHEo0NzOp0M=,Mw18kR1gmuWeof61puQwqxp0un4=
19,11,w8vkLkTOeC9/laYyOHEo0NzOp0M=,d0UNSHBTQS7BupgdWhj+kFbQbe8=
20,10,w8vkLkTOeC9/laYyOHEo0NzOp0M=,04LC9bG1KTPMmXUKJ651LISLDzo=
19,12,w8vkLkTOeC9/laYyOHEo0NzOp0M=,d0UNSHBTQS7BupgdWhj+kFbQbe8=
19,10,gfcuN9GSuiB0K0kRf0PM9XBtEfU=,d0UNSHBTQS7BupgdWhj+kFbQbe8=
20,9,gfcuN9GSuiB0K0kRf0PM9XBtEfU=,zyLrgSQfH7jJ9PCgV6iHh7OXdI0=
19,9,gfcuN9GSuiB0K0kRf0PM9XBtEfU=,3lZbfYsMdlVZi3gJSJYilAx33cU=
19,8,gfcuN9GSuiB0K0kRf0PM9XBtEfU=,3lZbfYsMdlVZi3gJSJYilAx33cU=
20,8,gfcuN9GSuiB0K0kRf0PM9XBtEfU=,zyLrgSQfH7jJ9PCgV6iHh7OXdI0=
19,7,gfcuN9GSuiB0K0kRf0PM9XBtEfU=,3lZbfYsMdlVZi3gJSJYilAx33cU=
20,7,gfcuN9GSuiB0K0kRf0PM9XBtEfU=,dAWh0MfZ6r69E7or9AgJ6qFxOcU=
20,6,gfcuN9GSuiB0K0kRf0PM9XBtEfU=,dAWh0MfZ6r69E7or9AgJ6qFxOcU=
20,5,gfcuN9GSuiB0K0kRf0PM9XBtEfU=,rIgvAJoRpg4SZUVnPxAgMb5WzGk=
19,6,PpQtZT0aWEmmFMoNgQFHHFvYqQY=,3lZbfYsMdlVZi3gJSJYilAx33cU=
20,4,PpQtZT0aWEmmFMoNgQFHHFvYqQY=,rIgvAJoRpg4SZUVnPxAgMb5WzGk=
19,5,PpQtZT0aWEmmFMoNgQFHHFvYqQY=,3lZbfYsMdlVZi3gJSJYilAx33cU=
19,3,PpQtZT0aWEmmFMoNgQFHHFvYqQY=,d0UNSHBTQS7BupgdWhj+kFbQbe8=
20,3,PpQtZT0aWEmmFMoNgQFHHFvYqQY=,aSc9HAK6i3JX+Hjn2ixvfbrDHgc=
19,4,PpQtZT0aWEmmFMoNgQFHHFvYqQY=,3lZbfYsMdlVZi3gJSJYilAx33cU=
19,2,PpQtZT0aWEmmFMoNgQFHHFvYqQY=,d0UNSHBTQS7BupgdWhj+kFbQbe8=
20,2,PpQtZT0aWEmmFMoNgQFHHFvYqQY=,aSc9HAK6i3JX+Hjn2ixvfbrDHgc=
18,2,PpQtZT0aWEmmFMoNgQFHHFvYqQY=,d0UNSHBTQS7BupgdWhj+kFbQbe8=
19,1,PpQtZT0aWEmmFMoNgQFHHFvYqQY=,+5AHwPvvXuJsn4xqs1+3AqVASxw=
16,11,PpQtZT0aWEmmFMoNgQFHHFvYqQY=,d0UNSHBTQS7BupgdWhj+kFbQbe8=
16,12,PpQtZT0aWEmmFMoNgQFHHFvYqQY=,d0UNSHBTQS7BupgdWhj+kFbQbe8=
16,14,PpQtZT0aWEmmFMoNgQFHHFvYqQY=,d0UNSHBTQS7BupgdWhj+kFbQbe8=
20,1,PpQtZT0aWEmmFMoNgQFHHFvYqQY=,XU0inJOZDfqR8/WB3W+rUD8725I=
18,1,PpQtZT0aWEmmFMoNgQFHHFvYqQY=,+5AHwPvvXuJsn4xqs1+3AqVASxw=
18,15,PpQtZT0aWEmmFMoNgQFHHFvYqQY=,d0UNSHBTQS7BupgdWhj+kFbQbe8=
16,13,PpQtZT0aWEmmFMoNgQFHHFvYqQY=,d0UNSHBTQS7BupgdWhj+kFbQbe8=
17,15,PpQtZT0aWEmmFMoNgQFHHFvYqQY=,d0UNSHBTQS7BupgdWhj+kFbQbe8=
21,11,PpQtZT0aWEmmFMoNgQFHHFvYqQY=,04LC9bG1KTPMmXUKJ651LISLDzo=
17,1,PpQtZT0aWEmmFMoNgQFHHFvYqQY=,RAdKDdP4bo1cHxMwAkM41FVNdag=
21,13,PpQtZT0aWEmmFMoNgQFHHFvYqQY=,Mw18kR1gmuWeof61puQwqxp0un4=
21,12,PpQtZT0aWEmmFMoNgQFHHFvYqQY=,Mw18kR1gmuWeof61puQwqxp0un4=
19,15,PpQtZT0aWEmmFMoNgQFHHFvYqQY=,d0UNSHBTQS7BupgdWhj+kFbQbe8=
21,14,PpQtZT0aWEmmFMoNgQFHHFvYqQY=,jhX6OVioUUE+SwqNR60AR1kpoIY=
20,15,PpQtZT0aWEmmFMoNgQFHHFvYqQY=,jhX6OVioUUE+SwqNR60AR1kpoIY=
18,4,PpQtZT0aWEmmFMoNgQFHHFvYqQY=,3lZbfYsMdlVZi3gJSJYilAx33cU=
20,0,PpQtZT0aWEmmFMoNgQFHHFvYqQY=,XU0inJOZDfqR8/WB3W+rUD8725I=
19,0,PpQtZT0aWEmmFMoNgQFHHFvYqQY=,+5AHwPvvXuJsn4xqs1+3AqVASxw=
17,2,PpQtZT0aWEmmFMoNgQFHHFvYqQY=,d0UNSHBTQS7BupgdWhj+kFbQbe8=
18,3,PpQtZT0aWEmmFMoNgQFHHFvYqQY=,d0UNSHBTQS7BupgdWhj+kFbQbe8=
21,0,PpQtZT0aWEmmFMoNgQFHHFvYqQY=,XU0inJOZDfqR8/WB3W+rUD8725I=
21,1,PpQtZT0aWEmmFMoNgQFHHFvYqQY=,XU0inJOZDfqR8/WB3W+rUD8725I=
21,2,PpQtZT0aWEmmFMoNgQFHHFvYqQY=,aSc9HAK6i3JX+Hjn2ixvfbrDHgc=
16,3,PpQtZT0aWEmmFMoNgQFHHFvYqQY=,d0UNSHBTQS7BupgdWhj+kFbQbe8=
21,3,PpQtZT0aWEmmFMoNgQFHHFvYqQY=,aSc9HAK6i3JX+Hjn2ixvfbrDHgc=
21,4,PpQtZT0aWEmmFMoNgQFHHFvYqQY=,rIgvAJoRpg4SZUVnPxAgMb5WzGk=
21,5,PpQtZT0aWEmmFMoNgQFHHFvYqQY=,rIgvAJoRpg4SZUVnPxAgMb5WzGk=
17,4,PpQtZT0aWEmmFMoNgQFHHFvYqQY=,3lZbfYsMdlVZi3gJSJYilAx33cU=
17,3,PpQtZT0aWEmmFMoNgQFHHFvYqQY=,d0UNSHBTQS7BupgdWhj+kFbQbe8=
21,7,PpQtZT0aWEmmFMoNgQFHHFvYqQY=,dAWh0MfZ6r69E7or9AgJ6qFxOcU=
21,8,PpQtZT0aWEmmFMoNgQFHHFvYqQY=,zyLrgSQfH7jJ9PCgV6iHh7OXdI0=
21,15,PpQtZT0aWEmmFMoNgQFHHFvYqQY=,jhX6OVioUUE+SwqNR60AR1kpoIY=
21,6,PpQtZT0aWEmmFMoNgQFHHFvYqQY=,dAWh0MfZ6r69E7or9AgJ6qFxOcU=
21,9,PpQtZT0aWEmmFMoNgQFHHFvYqQY=,zyLrgSQfH7jJ9PCgV6iHh7OXdI0=
21,10,PpQtZT0aWEmmFMoNgQFHHFvYqQY=,04LC9bG1KTPMmXUKJ651LISLDzo=
16,4,PpQtZT0aWEmmFMoNgQFHHFvYqQY=,3lZbfYsMdlVZi3gJSJYilAx33cU=
16,15,PpQtZT0aWEmmFMoNgQFHHFvYqQY=,d0UNSHBTQS7BupgdWhj+kFbQbe8=
17,0,PpQtZT0aWEmmFMoNgQFHHFvYqQY=,RAdKDdP4bo1cHxMwAkM41FVNdag=
16,2,PpQtZT0aWEmmFMoNgQFHHFvYqQY=,d0UNSHBTQS7BupgdWhj+kFbQbe8=
16,1,PpQtZT0aWEmmFMoNgQFHHFvYqQY=,RAdKDdP4bo1cHxMwAkM41FVNdag=
18,6,PpQtZT0aWEmmFMoNgQFHHFvYqQY=,3lZbfYsMdlVZi3gJSJYilAx33cU=
18,0,PpQtZT0aWEmmFMoNgQFHHFvYqQY=,+5AHwPvvXuJsn4xqs1+3AqVASxw=
16,5,PpQtZT0aWEmmFMoNgQFHHFvYqQY=,3lZbfYsMdlVZi3gJSJYilAx33cU=
16,0,PpQtZT0aWEmmFMoNgQFHHFvYqQY=,RAdKDdP4bo1cHxMwAkM41FVNdag=
17,5,PpQtZT0aWEmmFMoNgQFHHFvYqQY=,3lZbfYsMdlVZi3gJSJYilAx33cU=
16,10,PpQtZT0aWEmmFMoNgQFHHFvYqQY=,d0UNSHBTQS7BupgdWhj+kFbQbe8=
18,5,PpQtZT0aWEmmFMoNgQFHHFvYqQY=,3lZbfYsMdlVZi3gJSJYilAx33cU=
18,7,PpQtZT0aWEmmFMoNgQFHHFvYqQY=,3lZbfYsMdlVZi3gJSJYilAx33cU=
18,9,PpQtZT0aWEmmFMoNgQFHHFvYqQY=,3lZbfYsMdlVZi3gJSJYilAx33cU=
17,10,PpQtZT0aWEmmFMoNgQFHHFvYqQY=,d0UNSHBTQS7BupgdWhj+kFbQbe8=
18,10,PpQtZT0aWEmmFMoNgQFHHFvYqQY=,d0UNSHBTQS7BupgdWhj+kFbQbe8=
18,8,PpQtZT0aWEmmFMoNgQFHHFvYqQY=,3lZbfYsMdlVZi3gJSJYilAx33cU=
16,9,PpQtZT0aWEmmFMoNgQFHHFvYqQY=,oBe9Qjs2LibTthB74ofBXn4befI=
16,7,PpQtZT0aWEmmFMoNgQFHHFvYqQY=,ZXXRIzpTjTJdePIcbdcWVbYYbpA=
17,9,PpQtZT0aWEmmFMoNgQFHHFvYqQY=,oBe9Qjs2LibTthB74ofBXn4befI=
17,7,PpQtZT0aWEmmFMoNgQFHHFvYqQY=,ZXXRIzpTjTJdePIcbdcWVbYYbpA=
16,6,PpQtZT0aWEmmFMoNgQFHHFvYqQY=,ZXXRIzpTjTJdePIcbdcWVbYYbpA=
17,6,PpQtZT0aWEmmFMoNgQFHHFvYqQY=,ZXXRIzpTjTJdePIcbdcWVbYYbpA=
17,8,PpQtZT0aWEmmFMoNgQFHHFvYqQY=,oBe9Qjs2LibTthB74ofBXn4befI=
16,8,PpQtZT0aWEmmFMoNgQFHHFvYqQY=,oBe9Qjs2LibTthB74ofBXn4befI=
