4,1,LjmkfKFUyJZ33cDz7Z/TcqU9VX0=,TTGOKk8ZpgPmjGs0389XGVee94E=
4,2,LjmkfKFUyJZ33cDz7Z/TcqU9VX0=,bcRVZMwvdz+zV/+yfLvJdgqmTww=
3,1,LjmkfKFUyJZ33cDz7Z/TcqU9VX0=,2G/F6xMHdrK3NtWgkakGsF1gnlo=
3,2,LjmkfKFUyJZ33cDz7Z/TcqU9VX0=,eb5wOR4xjrXOb57uIXdOjThX4nw=
5,4,LjmkfKFUyJZ33cDz7Z/TcqU9VX0=,hXNCEoT6S3+2tH6o4e7wpkbl80k=
6,4,LjmkfKFUyJZ33cDz7Z/TcqU9VX0=,c+6eX5mi5A0tYd4gjkOgZdk9k58=
6,3,LjmkfKFUyJZ33cDz7Z/TcqU9VX0=,+9cY44Fygo37DhtngxZwPd2MtzQ=
5,3,LjmkfKFUyJZ33cDz7Z/TcqU9VX0=,bcRVZMwvdz+zV/+yfLvJdgqmTww=
6,8,LjmkfKFUyJZ33cDz7Z/TcqU9VX0=,xd5O4qnjnWVtbhAyOi5vrvoFdbI=
5,8,LjmkfKFUyJZ33cDz7Z/TcqU9VX0=,0KQYoDAfF885ykwKu2xhTPQgY7U=
5,7,LjmkfKFUyJZ33cDz7Z/TcqU9VX0=,TEFC32kzQl4bmLRckCRBjygXRWU=
5,6,LjmkfKFUyJZ33cDz7Z/TcqU9VX0=,TEFC32kzQl4bmLRckCRBjygXRWU=
6,7,LjmkfKFUyJZ33cDz7Z/TcqU9VX0=,sMzEqvBe9UE5a7N4vQHvR1lCHcs=
6,6,LjmkfKFUyJZ33cDz7Z/TcqU9VX0=,sMzEqvBe9UE5a7N4vQHvR1lCHcs=
5,5,LjmkfKFUyJZ33cDz7Z/TcqU9VX0=,hXNCEoT6S3+2tH6o4e7wpkbl80k=
6,5,LjmkfKFUyJZ33cDz7Z/TcqU9VX0=,c+6eX5mi5A0tYd4gjkOgZdk9k58=
5,2,LjmkfKFUyJZ33cDz7Z/TcqU9VX0=,bcRVZMwvdz+zV/+yfLvJdgqmTww=
6,1,LjmkfKFUyJZ33cDz7Z/TcqU9VX0=,qgy8G0PxdVx9ULiITs3ZQu8OjQY=
5,1,LjmkfKFUyJZ33cDz7Z/TcqU9VX0=,TTGOKk8ZpgPmjGs0389XGVee94E=
6,2,LjmkfKFUyJZ33cDz7Z/TcqU9VX0=,+9cY44Fygo37DhtngxZwPd2MtzQ=
6,9,LjmkfKFUyJZ33cDz7Z/TcqU9VX0=,xd5O4qnjnWVtbhAyOi5vrvoFdbI=
5,9,LjmkfKFUyJZ33cDz7Z/TcqU9VX0=,0KQYoDAfF885ykwKu2xhTPQgY7U=
5,10,LjmkfKFUyJZ33cDz7Z/TcqU9VX0=,e87ACOuXGfvbTprpb2QPgWdro04=
6,10,LjmkfKFUyJZ33cDz7Z/TcqU9VX0=,mFenOhdvABkuL90ImDguypdJhFQ=
4,10,MI2fT0kYr0wPfwU4ZX46MrA3bdg=,e87ACOuXGfvbTprpb2QPgWdro04=
3,9,MI2fT0kYr0wPfwU4ZX46MrA3bdg=,rOYouhAAHfL9E3UBnEUs6wLm/U4=
4,9,MI2fT0kYr0wPfwU4ZX46MrA3bdg=,0KQYoDAfF885ykwKu2xhTPQgY7U=
3,10,MI2fT0kYr0wPfwU4ZX46MrA3bdg=,QdyvuDzY14xbvB1pu3cUsGmcwew=
2,10,MI2fT0kYr0wPfwU4ZX46MrA3bdg=,QdyvuDzY14xbvB1pu3cUsGmcwew=
1,9,MI2fT0kYr0wPfwU4ZX46MrA3bdg=,mP1nCEhpGWqQ+ufxUUdQRO3SbS8=
1,10,MI2fT0kYr0wPfwU4ZX46MrA3bdg=,Hw+RjSTk54jxSgi0sV8f5HH7sQM=
2,9,MI2fT0kYr0wPfwU4ZX46MrA3bdg=,rOYouhAAHfL9E3UBnEUs6wLm/U4=
1,11,MI2fT0kYr0wPfwU4ZX46MrA3bdg=,Hw+RjSTk54jxSgi0sV8f5HH7sQM=
2,12,MI2fT0kYr0wPfwU4ZX46MrA3bdg=,B6U7tcMsBywancFbbL63dPpkcTY=
2,11,MI2fT0kYr0wPfwU4ZX46MrA3bdg=,QdyvuDzY14xbvB1pu3cUsGmcwew=
1,12,MI2fT0kYr0wPfwU4ZX46MrA3bdg=,pHrD9plymKNCtEbDxFJ+lSwTvFE=
3,12,Fvko/Nq1uKYHv/04ToeeG5p7o8U=,B6U7tcMsBywancFbbL63dPpkcTY=
3,11,Fvko/Nq1uKYHv/04ToeeG5p7o8U=,QdyvuDzY14xbvB1pu3cUsGmcwew=
4,11,Fvko/Nq1uKYHv/04ToeeG5p7o8U=,e87ACOuXGfvbTprpb2QPgWdro04=
4,12,Fvko/Nq1uKYHv/04ToeeG5p7o8U=,miiYXCL5Jt4W8ddjNAKctJTge6c=
2,14,Fvko/Nq1uKYHv/04ToeeG5p7o8U=,IKa9R7RDrYMt0MwTdtR02p6E3Oc=
2,13,Fvko/Nq1uKYHv/04ToeeG5p7o8U=,B6U7tcMsBywancFbbL63dPpkcTY=
1,13,Fvko/Nq1uKYHv/04ToeeG5p7o8U=,pHrD9plymKNCtEbDxFJ+lSwTvFE=
1,14,Fvko/Nq1uKYHv/04ToeeG5p7o8U=,1YK5ga96xdxYr9EVAWv+2h6jg3c=
3,14,Fvko/Nq1uKYHv/04ToeeG5p7o8U=,IKa9R7RDrYMt0MwTdtR02p6E3Oc=
3,13,Fvko/Nq1uKYHv/04ToeeG5p7o8U=,B6U7tcMsBywancFbbL63dPpkcTY=
4,14,Fvko/Nq1uKYHv/04ToeeG5p7o8U=,MXsH9DLRBR5lLkN4Ucr0CWSgxaE=
4,13,Fvko/Nq1uKYHv/04ToeeG5p7o8U=,miiYXCL5Jt4W8ddjNAKctJTge6c=
5,11,Fvko/Nq1uKYHv/04ToeeG5p7o8U=,e87ACOuXGfvbTprpb2QPgWdro04=
6,11,Fvko/Nq1uKYHv/04ToeeG5p7o8U=,mFenOhdvABkuL90ImDguypdJhFQ=
5,12,Fvko/Nq1uKYHv/04ToeeG5p7o8U=,miiYXCL5Jt4W8ddjNAKctJTge6c=
6,12,Fvko/Nq1uKYHv/04ToeeG5p7o8U=,3M22rCZxmfFRuK9I2ZUt/vSfd70=
5,14,Fvko/Nq1uKYHv/04ToeeG5p7o8U=,MXsH9DLRBR5lLkN4Ucr0CWSgxaE=
5,13,Fvko/Nq1uKYHv/04ToeeG5p7o8U=,miiYXCL5Jt4W8ddjNAKctJTge6c=
6,14,Fvko/Nq1uKYHv/04ToeeG5p7o8U=,8Ea2SwHnKFPBS8zMqZAInssCirI=
6,13,Fvko/Nq1uKYHv/04ToeeG5p7o8U=,3M22rCZxmfFRuK9I2ZUt/vSfd70=
8,13,Fvko/Nq1uKYHv/04ToeeG5p7o8U=,TVKQZU4gTRV2+rF6k/aF8pMyVI8=
8,14,Fvko/Nq1uKYHv/04ToeeG5p7o8U=,J2tQe0OLiDT7O/IcWwgaeSmb/C8=
7,14,Fvko/Nq1uKYHv/04ToeeG5p7o8U=,8Ea2SwHnKFPBS8zMqZAInssCirI=
7,13,Fvko/Nq1uKYHv/04ToeeG5p7o8U=,3M22rCZxmfFRuK9I2ZUt/vSfd70=
7,11,Fvko/Nq1uKYHv/04ToeeG5p7o8U=,mFenOhdvABkuL90ImDguypdJhFQ=
8,12,Fvko/Nq1uKYHv/04ToeeG5p7o8U=,TVKQZU4gTRV2+rF6k/aF8pMyVI8=
7,12,Fvko/Nq1uKYHv/04ToeeG5p7o8U=,3M22rCZxmfFRuK9I2ZUt/vSfd70=
8,11,Fvko/Nq1uKYHv/04ToeeG5p7o8U=,kui/nIaNHPQzKhLJst0HUNrBbF0=
7,9,Fvko/Nq1uKYHv/04ToeeG5p7o8U=,xd5O4qnjnWVtbhAyOi5vrvoFdbI=
7,10,Fvko/Nq1uKYHv/04ToeeG5p7o8U=,mFenOhdvABkuL90ImDguypdJhFQ=
8,9,Fvko/Nq1uKYHv/04ToeeG5p7o8U=,FHnunXZCuhUkcWZ3ggp/3Nrxwr8=
8,10,Fvko/Nq1uKYHv/04ToeeG5p7o8U=,kui/nIaNHPQzKhLJst0HUNrBbF0=
7,8,Fvko/Nq1uKYHv/04ToeeG5p7o8U=,xd5O4qnjnWVtbhAyOi5vrvoFdbI=
8,8,Fvko/Nq1uKYHv/04ToeeG5p7o8U=,FHnunXZCuhUkcWZ3ggp/3Nrxwr8=
7,7,Fvko/Nq1uKYHv/04ToeeG5p7o8U=,sMzEqvBe9UE5a7N4vQHvR1lCHcs=
8,7,Fvko/Nq1uKYHv/04ToeeG5p7o8U=,vygAId6Fbm2/GELLVGkzpV/PLeA=
8,6,Fvko/Nq1uKYHv/04ToeeG5p7o8U=,vygAId6Fbm2/GELLVGkzpV/PLeA=
7,5,Fvko/Nq1uKYHv/04ToeeG5p7o8U=,c+6eX5mi5A0tYd4gjkOgZdk9k58=
8,5,Fvko/Nq1uKYHv/04ToeeG5p7o8U=,t4D6x5cRmN5OOCpzh0f6Oh9FKSk=
7,6,Fvko/Nq1uKYHv/04ToeeG5p7o8U=,sMzEqvBe9UE5a7N4vQHvR1lCHcs=
8,4,Oyus64cb5Y6Churc/BTZlKZRV1o=,t4D6x5cRmN5OOCpzh0f6Oh9FKSk=
7,4,Oyus64cb5Y6Churc/BTZlKZRV1o=,c+6eX5mi5A0tYd4gjkOgZdk9k58=
7,3,Oyus64cb5Y6Churc/BTZlKZRV1o=,+9cY44Fygo37DhtngxZwPd2MtzQ=
8,3,Oyus64cb5Y6Churc/BTZlKZRV1o=,a4zt/KxANl7Ui8sXm2xwPfH5rs8=
7,1,Oyus64cb5Y6Churc/BTZlKZRV1o=,qgy8G0PxdVx9ULiITs3ZQu8OjQY=
8,1,Oyus64cb5Y6Churc/BTZlKZRV1o=,Nr2gF0RnWClkVxHc+BA288dBhvA=
8,2,Oyus64cb5Y6Churc/BTZlKZRV1o=,a4zt/KxANl7Ui8sXm2xwPfH5rs8=
7,2,Oyus64cb5Y6Churc/BTZlKZRV1o=,+9cY44Fygo37DhtngxZwPd2MtzQ=
9,5,Oyus64cb5Y6Churc/BTZlKZRV1o=,t4D6x5cRmN5OOCpzh0f6Oh9FKSk=
10,5,Oyus64cb5Y6Churc/BTZlKZRV1o=,W/gVhsEj9UsXZRp7sNEcwBDYr2s=
9,6,Oyus64cb5Y6Churc/BTZlKZRV1o=,vygAId6Fbm2/GELLVGkzpV/PLeA=
10,6,Oyus64cb5Y6Churc/BTZlKZRV1o=,WWYOkSog23GxmXiXjxYH59Ug8nM=
10,1,Oyus64cb5Y6Churc/BTZlKZRV1o=,aFimu2J54OfpH0hcyCPJo7pM7+A=
10,3,Oyus64cb5Y6Churc/BTZlKZRV1o=,cFycKDxaemsXY0s6g04dqNIf1iw=
9,3,Oyus64cb5Y6Churc/BTZlKZRV1o=,a4zt/KxANl7Ui8sXm2xwPfH5rs8=
10,2,Oyus64cb5Y6Churc/BTZlKZRV1o=,cFycKDxaemsXY0s6g04dqNIf1iw=
9,1,Oyus64cb5Y6Churc/BTZlKZRV1o=,Nr2gF0RnWClkVxHc+BA288dBhvA=
9,4,Oyus64cb5Y6Churc/BTZlKZRV1o=,t4D6x5cRmN5OOCpzh0f6Oh9FKSk=
9,2,Oyus64cb5Y6Churc/BTZlKZRV1o=,a4zt/KxANl7Ui8sXm2xwPfH5rs8=
10,4,Oyus64cb5Y6Churc/BTZlKZRV1o=,W/gVhsEj9UsXZRp7sNEcwBDYr2s=
10,8,Oyus64cb5Y6Churc/BTZlKZRV1o=,AIVnYEhqf49BdgDPGsuKmzpBtVs=
9,7,Oyus64cb5Y6Churc/BTZlKZRV1o=,vygAId6Fbm2/GELLVGkzpV/PLeA=
9,8,Oyus64cb5Y6Churc/BTZlKZRV1o=,FHnunXZCuhUkcWZ3ggp/3Nrxwr8=
9,10,Oyus64cb5Y6Churc/BTZlKZRV1o=,kui/nIaNHPQzKhLJst0HUNrBbF0=
10,11,Oyus64cb5Y6Churc/BTZlKZRV1o=,2lzEP3ith7xa6pMxJEWK4eRsaxY=
10,7,Oyus64cb5Y6Churc/BTZlKZRV1o=,WWYOkSog23GxmXiXjxYH59Ug8nM=
9,9,Oyus64cb5Y6Churc/BTZlKZRV1o=,FHnunXZCuhUkcWZ3ggp/3Nrxwr8=
9,12,Oyus64cb5Y6Churc/BTZlKZRV1o=,TVKQZU4gTRV2+rF6k/aF8pMyVI8=
10,9,Oyus64cb5Y6Churc/BTZlKZRV1o=,AIVnYEhqf49BdgDPGsuKmzpBtVs=
9,11,Oyus64cb5Y6Churc/BTZlKZRV1o=,kui/nIaNHPQzKhLJst0HUNrBbF0=
10,10,Oyus64cb5Y6Churc/BTZlKZRV1o=,2lzEP3ith7xa6pMxJEWK4eRsaxY=
10,12,Oyus64cb5Y6Churc/BTZlKZRV1o=,MEUa5qxRObQlmiHbSMclPTPQLLk=
11,12,Oyus64cb5Y6Churc/BTZlKZRV1o=,MEUa5qxRObQlmiHbSMclPTPQLLk=
11,11,Oyus64cb5Y6Churc/BTZlKZRV1o=,2lzEP3ith7xa6pMxJEWK4eRsaxY=
11,9,Oyus64cb5Y6Churc/BTZlKZRV1o=,AIVnYEhqf49BdgDPGsuKmzpBtVs=
11,10,Oyus64cb5Y6Churc/BTZlKZRV1o=,2lzEP3ith7xa6pMxJEWK4eRsaxY=
12,9,Oyus64cb5Y6Churc/BTZlKZRV1o=,CcwTWD6f2VfqmrI8WwgtUU/CaOY=
12,10,Oyus64cb5Y6Churc/BTZlKZRV1o=,Q/n4hFKn+ibs3nj3+F+Xk+dWJns=
12,11,Oyus64cb5Y6Churc/BTZlKZRV1o=,Q/n4hFKn+ibs3nj3+F+Xk+dWJns=
12,12,Oyus64cb5Y6Churc/BTZlKZRV1o=,WFIxVGN7D7vIKqXbbgbADNlSW0U=
12,8,Oyus64cb5Y6Churc/BTZlKZRV1o=,CcwTWD6f2VfqmrI8WwgtUU/CaOY=
12,7,Oyus64cb5Y6Churc/BTZlKZRV1o=,SdP6r+bOKrlWEkUxN5HWvgths5I=
11,7,Oyus64cb5Y6Churc/BTZlKZRV1o=,WWYOkSog23GxmXiXjxYH59Ug8nM=
11,8,Oyus64cb5Y6Churc/BTZlKZRV1o=,AIVnYEhqf49BdgDPGsuKmzpBtVs=
11,5,Oyus64cb5Y6Churc/BTZlKZRV1o=,W/gVhsEj9UsXZRp7sNEcwBDYr2s=
12,5,Oyus64cb5Y6Churc/BTZlKZRV1o=,r/Bhz+Bxgcx9clRWqqCdQgF0GWM=
11,6,Oyus64cb5Y6Churc/BTZlKZRV1o=,WWYOkSog23GxmXiXjxYH59Ug8nM=
12,6,Oyus64cb5Y6Churc/BTZlKZRV1o=,SdP6r+bOKrlWEkUxN5HWvgths5I=
14,12,T8IqJjzOq6vfpwfMD7FX3+3lDCY=,JB2JZ3z0eA7HHolWeQF9RaZKxfM=
13,12,T8IqJjzOq6vfpwfMD7FX3+3lDCY=,WFIxVGN7D7vIKqXbbgbADNlSW0U=
13,11,T8IqJjzOq6vfpwfMD7FX3+3lDCY=,Q/n4hFKn+ibs3nj3+F+Xk+dWJns=
14,11,T8IqJjzOq6vfpwfMD7FX3+3lDCY=,IzVjQcrFONuVEXLy8/gUlwHJqFc=
12,3,T8IqJjzOq6vfpwfMD7FX3+3lDCY=,8Q3tJgM9n+hmSJcptzcE4o5jXHM=
12,4,T8IqJjzOq6vfpwfMD7FX3+3lDCY=,r/Bhz+Bxgcx9clRWqqCdQgF0GWM=
11,2,T8IqJjzOq6vfpwfMD7FX3+3lDCY=,cFycKDxaemsXY0s6g04dqNIf1iw=
11,1,T8IqJjzOq6vfpwfMD7FX3+3lDCY=,aFimu2J54OfpH0hcyCPJo7pM7+A=
12,2,T8IqJjzOq6vfpwfMD7FX3+3lDCY=,8Q3tJgM9n+hmSJcptzcE4o5jXHM=
11,3,T8IqJjzOq6vfpwfMD7FX3+3lDCY=,cFycKDxaemsXY0s6g04dqNIf1iw=
11,4,T8IqJjzOq6vfpwfMD7FX3+3lDCY=,W/gVhsEj9UsXZRp7sNEcwBDYr2s=
14,4,T8IqJjzOq6vfpwfMD7FX3+3lDCY=,POmklEaKb2Rohkyg0dy+KDwHWmM=
13,3,T8IqJjzOq6vfpwfMD7FX3+3lDCY=,8Q3tJgM9n+hmSJcptzcE4o5jXHM=
13,4,T8IqJjzOq6vfpwfMD7FX3+3lDCY=,r/Bhz+Bxgcx9clRWqqCdQgF0GWM=
2,1,T8IqJjzOq6vfpwfMD7FX3+3lDCY=,2G/F6xMHdrK3NtWgkakGsF1gnlo=
2,2,T8IqJjzOq6vfpwfMD7FX3+3lDCY=,eb5wOR4xjrXOb57uIXdOjThX4nw=
1,1,T8IqJjzOq6vfpwfMD7FX3+3lDCY=,mc4SBi0MXTMjH7ZnMt5qeHTJcLE=
14,9,T8IqJjzOq6vfpwfMD7FX3+3lDCY=,v0Op2pKv6R3wEDMD+IdxUi+mg5M=
13,10,T8IqJjzOq6vfpwfMD7FX3+3lDCY=,Q/n4hFKn+ibs3nj3+F+Xk+dWJns=
13,9,T8IqJjzOq6vfpwfMD7FX3+3lDCY=,CcwTWD6f2VfqmrI8WwgtUU/CaOY=
0,1,T8IqJjzOq6vfpwfMD7FX3+3lDCY=,mc4SBi0MXTMjH7ZnMt5qeHTJcLE=
14,10,T8IqJjzOq6vfpwfMD7FX3+3lDCY=,IzVjQcrFONuVEXLy8/gUlwHJqFc=
15,12,T8IqJjzOq6vfpwfMD7FX3+3lDCY=,JB2JZ3z0eA7HHolWeQF9RaZKxfM=
15,10,T8IqJjzOq6vfpwfMD7FX3+3lDCY=,IzVjQcrFONuVEXLy8/gUlwHJqFc=
15,11,T8IqJjzOq6vfpwfMD7FX3+3lDCY=,IzVjQcrFONuVEXLy8/gUlwHJqFc=
15,9,T8IqJjzOq6vfpwfMD7FX3+3lDCY=,v0Op2pKv6R3wEDMD+IdxUi+mg5M=
0,0,T8IqJjzOq6vfpwfMD7FX3+3lDCY=,mc4SBi0MXTMjH7ZnMt5qeHTJcLE=
2,0,T8IqJjzOq6vfpwfMD7FX3+3lDCY=,2G/F6xMHdrK3NtWgkakGsF1gnlo=
1,0,T8IqJjzOq6vfpwfMD7FX3+3lDCY=,mc4SBi0MXTMjH7ZnMt5qeHTJcLE=
3,0,T8IqJjzOq6vfpwfMD7FX3+3lDCY=,2G/F6xMHdrK3NtWgkakGsF1gnlo=
4,0,T8IqJjzOq6vfpwfMD7FX3+3lDCY=,TTGOKk8ZpgPmjGs0389XGVee94E=
6,0,T8IqJjzOq6vfpwfMD7FX3+3lDCY=,qgy8G0PxdVx9ULiITs3ZQu8OjQY=
11,0,T8IqJjzOq6vfpwfMD7FX3+3lDCY=,aFimu2J54OfpH0hcyCPJo7pM7+A=
5,0,T8IqJjzOq6vfpwfMD7FX3+3lDCY=,TTGOKk8ZpgPmjGs0389XGVee94E=
13,5,T8IqJjzOq6vfpwfMD7FX3+3lDCY=,r/Bhz+Bxgcx9clRWqqCdQgF0GWM=
13,6,T8IqJjzOq6vfpwfMD7FX3+3lDCY=,SdP6r+bOKrlWEkUxN5HWvgths5I=
10,0,T8IqJjzOq6vfpwfMD7FX3+3lDCY=,aFimu2J54OfpH0hcyCPJo7pM7+A=
15,5,T8IqJjzOq6vfpwfMD7FX3+3lDCY=,POmklEaKb2Rohkyg0dy+KDwHWmM=
14,8,T8IqJjzOq6vfpwfMD7FX3+3lDCY=,v0Op2pKv6R3wEDMD+IdxUi+mg5M=
13,7,T8IqJjzOq6vfpwfMD7FX3+3lDCY=,SdP6r+bOKrlWEkUxN5HWvgths5I=
9,0,T8IqJjzOq6vfpwfMD7FX3+3lDCY=,Nr2gF0RnWClkVxHc+BA288dBhvA=
8,0,T8IqJjzOq6vfpwfMD7FX3+3lDCY=,Nr2gF0RnWClkVxHc+BA288dBhvA=
7,0,T8IqJjzOq6vfpwfMD7FX3+3lDCY=,qgy8G0PxdVx9ULiITs3ZQu8OjQY=
0,8,T8IqJjzOq6vfpwfMD7FX3+3lDCY=,mP1nCEhpGWqQ+ufxUUdQRO3SbS8=
14,5,T8IqJjzOq6vfpwfMD7FX3+3lDCY=,POmklEaKb2Rohkyg0dy+KDwHWmM=
15,8,T8IqJjzOq6vfpwfMD7FX3+3lDCY=,v0Op2pKv6R3wEDMD+IdxUi+mg5M=
13,8,T8IqJjzOq6vfpwfMD7FX3+3lDCY=,CcwTWD6f2VfqmrI8WwgtUU/CaOY=
0,12,T8IqJjzOq6vfpwfMD7FX3+3lDCY=,pHrD9plymKNCtEbDxFJ+lSwTvFE=
0,10,T8IqJjzOq6vfpwfMD7FX3+3lDCY=,Hw+RjSTk54jxSgi0sV8f5HH7sQM=
0,9,T8IqJjzOq6vfpwfMD7FX3+3lDCY=,mP1nCEhpGWqQ+ufxUUdQRO3SbS8=
0,13,T8IqJjzOq6vfpwfMD7FX3+3lDCY=,pHrD9plymKNCtEbDxFJ+lSwTvFE=
0,11,T8IqJjzOq6vfpwfMD7FX3+3lDCY=,Hw+RjSTk54jxSgi0sV8f5HH7sQM=
0,15,T8IqJjzOq6vfpwfMD7FX3+3lDCY=,1YK5ga96xdxYr9EVAWv+2h6jg3c=
4,7,T8IqJjzOq6vfpwfMD7FX3+3lDCY=,TEFC32kzQl4bmLRckCRBjygXRWU=
0,14,T8IqJjzOq6vfpwfMD7FX3+3lDCY=,1YK5ga96xdxYr9EVAWv+2h6jg3c=
3,8,T8IqJjzOq6vfpwfMD7FX3+3lDCY=,rOYouhAAHfL9E3UBnEUs6wLm/U4=
4,15,T8IqJjzOq6vfpwfMD7FX3+3lDCY=,MXsH9DLRBR5lLkN4Ucr0CWSgxaE=
1,15,T8IqJjzOq6vfpwfMD7FX3+3lDCY=,1YK5ga96xdxYr9EVAWv+2h6jg3c=
4,8,T8IqJjzOq6vfpwfMD7FX3+3lDCY=,0KQYoDAfF885ykwKu2xhTPQgY7U=
1,8,T8IqJjzOq6vfpwfMD7FX3+3lDCY=,mP1nCEhpGWqQ+ufxUUdQRO3SbS8=
14,13,T8IqJjzOq6vfpwfMD7FX3+3lDCY=,JB2JZ3z0eA7HHolWeQF9RaZKxfM=
13,13,T8IqJjzOq6vfpwfMD7FX3+3lDCY=,WFIxVGN7D7vIKqXbbgbADNlSW0U=
15,13,T8IqJjzOq6vfpwfMD7FX3+3lDCY=,JB2JZ3z0eA7HHolWeQF9RaZKxfM=
15,4,T8IqJjzOq6vfpwfMD7FX3+3lDCY=,POmklEaKb2Rohkyg0dy+KDwHWmM=
13,2,T8IqJjzOq6vfpwfMD7FX3+3lDCY=,8Q3tJgM9n+hmSJcptzcE4o5jXHM=
2,8,T8IqJjzOq6vfpwfMD7FX3+3lDCY=,rOYouhAAHfL9E3UBnEUs6wLm/U4=
2,15,T8IqJjzOq6vfpwfMD7FX3+3lDCY=,IKa9R7RDrYMt0MwTdtR02p6E3Oc=
6,15,T8IqJjzOq6vfpwfMD7FX3+3lDCY=,8Ea2SwHnKFPBS8zMqZAInssCirI=
5,15,T8IqJjzOq6vfpwfMD7FX3+3lDCY=,MXsH9DLRBR5lLkN4Ucr0CWSgxaE=
8,15,T8IqJjzOq6vfpwfMD7FX3+3lDCY=,J2tQe0OLiDT7O/IcWwgaeSmb/C8=
3,15,T8IqJjzOq6vfpwfMD7FX3+3lDCY=,IKa9R7RDrYMt0MwTdtR02p6E3Oc=
7,15,T8IqJjzOq6vfpwfMD7FX3+3lDCY=,8Ea2SwHnKFPBS8zMqZAInssCirI=
12,13,T8IqJjzOq6vfpwfMD7FX3+3lDCY=,WFIxVGN7D7vIKqXbbgbADNlSW0U=
11,13,T8IqJjzOq6vfpwfMD7FX3+3lDCY=,MEUa5qxRObQlmiHbSMclPTPQLLk=
9,15,T8IqJjzOq6vfpwfMD7FX3+3lDCY=,J2tQe0OLiDT7O/IcWwgaeSmb/C8=
14,6,T8IqJjzOq6vfpwfMD7FX3+3lDCY=,1wPbUMvDXM4a8b9RZFBbZykq54E=
15,6,T8IqJjzOq6vfpwfMD7FX3+3lDCY=,1wPbUMvDXM4a8b9RZFBbZykq54E=
15,7,T8IqJjzOq6vfpwfMD7FX3+3lDCY=,1wPbUMvDXM4a8b9RZFBbZykq54E=
14,7,T8IqJjzOq6vfpwfMD7FX3+3lDCY=,1wPbUMvDXM4a8b9RZFBbZykq54E=
11,14,T8IqJjzOq6vfpwfMD7FX3+3lDCY=,dfuA22BpnrmKqa8vM3TfyuXvhMY=
10,14,T8IqJjzOq6vfpwfMD7FX3+3lDCY=,dfuA22BpnrmKqa8vM3TfyuXvhMY=
10,15,T8IqJjzOq6vfpwfMD7FX3+3lDCY=,dfuA22BpnrmKqa8vM3TfyuXvhMY=
11,15,T8IqJjzOq6vfpwfMD7FX3+3lDCY=,dfuA22BpnrmKqa8vM3TfyuXvhMY=
9,14,T8IqJjzOq6vfpwfMD7FX3+3lDCY=,J2tQe0OLiDT7O/IcWwgaeSmb/C8=
9,13,T8IqJjzOq6vfpwfMD7FX3+3lDCY=,TVKQZU4gTRV2+rF6k/aF8pMyVI8=
10,13,T8IqJjzOq6vfpwfMD7FX3+3lDCY=,MEUa5qxRObQlmiHbSMclPTPQLLk=
2,3,T8IqJjzOq6vfpwfMD7FX3+3lDCY=,eb5wOR4xjrXOb57uIXdOjThX4nw=
3,3,T8IqJjzOq6vfpwfMD7FX3+3lDCY=,eb5wOR4xjrXOb57uIXdOjThX4nw=
4,5,T8IqJjzOq6vfpwfMD7FX3+3lDCY=,hXNCEoT6S3+2tH6o4e7wpkbl80k=
4,6,T8IqJjzOq6vfpwfMD7FX3+3lDCY=,TEFC32kzQl4bmLRckCRBjygXRWU=
4,4,T8IqJjzOq6vfpwfMD7FX3+3lDCY=,hXNCEoT6S3+2tH6o4e7wpkbl80k=
4,3,T8IqJjzOq6vfpwfMD7FX3+3lDCY=,bcRVZMwvdz+zV/+yfLvJdgqmTww=
3,4,T8IqJjzOq6vfpwfMD7FX3+3lDCY=,ATpH8kvfj7xsyda2MIpv+IaF/D0=
3,5,T8IqJjzOq6vfpwfMD7FX3+3lDCY=,ATpH8kvfj7xsyda2MIpv+IaF/D0=
2,4,T8IqJjzOq6vfpwfMD7FX3+3lDCY=,ATpH8kvfj7xsyda2MIpv+IaF/D0=
2,5,T8IqJjzOq6vfpwfMD7FX3+3lDCY=,ATpH8kvfj7xsyda2MIpv+IaF/D0=
8,17,T8IqJjzOq6vfpwfMD7FX3+3lDCY=,Bh49ClzvGzQof13bu29XZ2JyCLs=
7,17,T8IqJjzOq6vfpwfMD7FX3+3lDCY=,gPUAh7rmsh3mXPbh4oNBVGrWggM=
8,18,T8IqJjzOq6vfpwfMD7FX3+3lDCY=,jDtTK0QlehNy3/ztDrR9pdRlwa8=
7,18,T8IqJjzOq6vfpwfMD7FX3+3lDCY=,4sNHbZUEzEbsdanh8kemYYYdo34=
5,20,T8IqJjzOq6vfpwfMD7FX3+3lDCY=,fDTjyQcZl8C53Z6RNfA2W0thZfs=
6,20,T8IqJjzOq6vfpwfMD7FX3+3lDCY=,D5ufJtGMllY/f+STpBeYvGJ18hc=
6,18,T8IqJjzOq6vfpwfMD7FX3+3lDCY=,4sNHbZUEzEbsdanh8kemYYYdo34=
6,19,T8IqJjzOq6vfpwfMD7FX3+3lDCY=,4sNHbZUEzEbsdanh8kemYYYdo34=
6,17,T8IqJjzOq6vfpwfMD7FX3+3lDCY=,gPUAh7rmsh3mXPbh4oNBVGrWggM=
5,17,T8IqJjzOq6vfpwfMD7FX3+3lDCY=,C2gtL0sSfxPpgzSpGdTMkrAlFGc=
5,19,T8IqJjzOq6vfpwfMD7FX3+3lDCY=,mdQW8IKowdV49T5aCw2nhoHhodU=
5,18,T8IqJjzOq6vfpwfMD7FX3+3lDCY=,mdQW8IKowdV49T5aCw2nhoHhodU=
5,16,T8IqJjzOq6vfpwfMD7FX3+3lDCY=,C2gtL0sSfxPpgzSpGdTMkrAlFGc=
7,16,T8IqJjzOq6vfpwfMD7FX3+3lDCY=,gPUAh7rmsh3mXPbh4oNBVGrWggM=
9,16,T8IqJjzOq6vfpwfMD7FX3+3lDCY=,Bh49ClzvGzQof13bu29XZ2JyCLs=
4,21,T8IqJjzOq6vfpwfMD7FX3+3lDCY=,fDTjyQcZl8C53Z6RNfA2W0thZfs=
6,16,T8IqJjzOq6vfpwfMD7FX3+3lDCY=,gPUAh7rmsh3mXPbh4oNBVGrWggM=
3,21,T8IqJjzOq6vfpwfMD7FX3+3lDCY=,A7mQ0WT1rMcy5khDP62pSQgTNHw=
8,16,T8IqJjzOq6vfpwfMD7FX3+3lDCY=,Bh49ClzvGzQof13bu29XZ2JyCLs=
4,20,V4AiYpwhG5tfDgjwpsBCRcsCNfk=,fDTjyQcZl8C53Z6RNfA2W0thZfs=
3,20,V4AiYpwhG5tfDgjwpsBCRcsCNfk=,A7mQ0WT1rMcy5khDP62pSQgTNHw=
1,19,V4AiYpwhG5tfDgjwpsBCRcsCNfk=,EcIbC8E3h0E/cRJWP39pvxTzGIE=
2,20,V4AiYpwhG5tfDgjwpsBCRcsCNfk=,A7mQ0WT1rMcy5khDP62pSQgTNHw=
6,21,V4AiYpwhG5tfDgjwpsBCRcsCNfk=,D5ufJtGMllY/f+STpBeYvGJ18hc=
5,21,V4AiYpwhG5tfDgjwpsBCRcsCNfk=,fDTjyQcZl8C53Z6RNfA2W0thZfs=
9,17,V4AiYpwhG5tfDgjwpsBCRcsCNfk=,Bh49ClzvGzQof13bu29XZ2JyCLs=
9,18,V4AiYpwhG5tfDgjwpsBCRcsCNfk=,jDtTK0QlehNy3/ztDrR9pdRlwa8=
0,19,V4AiYpwhG5tfDgjwpsBCRcsCNfk=,EcIbC8E3h0E/cRJWP39pvxTzGIE=
2,21,V4AiYpwhG5tfDgjwpsBCRcsCNfk=,A7mQ0WT1rMcy5khDP62pSQgTNHw=
4,19,V4AiYpwhG5tfDgjwpsBCRcsCNfk=,mdQW8IKowdV49T5aCw2nhoHhodU=
2,19,V4AiYpwhG5tfDgjwpsBCRcsCNfk=,tcZUlzVt2aUEbO8Dd9mEkI6RmQk=
3,19,V4AiYpwhG5tfDgjwpsBCRcsCNfk=,tcZUlzVt2aUEbO8Dd9mEkI6RmQk=
4,18,V4AiYpwhG5tfDgjwpsBCRcsCNfk=,mdQW8IKowdV49T5aCw2nhoHhodU=
4,17,V4AiYpwhG5tfDgjwpsBCRcsCNfk=,C2gtL0sSfxPpgzSpGdTMkrAlFGc=
9,21,V4AiYpwhG5tfDgjwpsBCRcsCNfk=,JoLmul/bcImxtP2SulfmrGwWE7A=
8,21,V4AiYpwhG5tfDgjwpsBCRcsCNfk=,JoLmul/bcImxtP2SulfmrGwWE7A=
7,21,V4AiYpwhG5tfDgjwpsBCRcsCNfk=,D5ufJtGMllY/f+STpBeYvGJ18hc=
9,20,V4AiYpwhG5tfDgjwpsBCRcsCNfk=,JoLmul/bcImxtP2SulfmrGwWE7A=
3,17,V4AiYpwhG5tfDgjwpsBCRcsCNfk=,NoEN/jKTqCxqZI713cLY55SOCio=
9,19,V4AiYpwhG5tfDgjwpsBCRcsCNfk=,jDtTK0QlehNy3/ztDrR9pdRlwa8=
3,16,V4AiYpwhG5tfDgjwpsBCRcsCNfk=,NoEN/jKTqCxqZI713cLY55SOCio=
7,20,V4AiYpwhG5tfDgjwpsBCRcsCNfk=,D5ufJtGMllY/f+STpBeYvGJ18hc=
8,20,V4AiYpwhG5tfDgjwpsBCRcsCNfk=,JoLmul/bcImxtP2SulfmrGwWE7A=
3,18,V4AiYpwhG5tfDgjwpsBCRcsCNfk=,tcZUlzVt2aUEbO8Dd9mEkI6RmQk=
7,19,V4AiYpwhG5tfDgjwpsBCRcsCNfk=,4sNHbZUEzEbsdanh8kemYYYdo34=
8,19,V4AiYpwhG5tfDgjwpsBCRcsCNfk=,jDtTK0QlehNy3/ztDrR9pdRlwa8=
4,16,V4AiYpwhG5tfDgjwpsBCRcsCNfk=,C2gtL0sSfxPpgzSpGdTMkrAlFGc=
0,18,V4AiYpwhG5tfDgjwpsBCRcsCNfk=,EcIbC8E3h0E/cRJWP39pvxTzGIE=
1,18,V4AiYpwhG5tfDgjwpsBCRcsCNfk=,EcIbC8E3h0E/cRJWP39pvxTzGIE=
2,17,V4AiYpwhG5tfDgjwpsBCRcsCNfk=,NoEN/jKTqCxqZI713cLY55SOCio=
2,18,V4AiYpwhG5tfDgjwpsBCRcsCNfk=,tcZUlzVt2aUEbO8Dd9mEkI6RmQk=
2,16,V4AiYpwhG5tfDgjwpsBCRcsCNfk=,NoEN/jKTqCxqZI713cLY55SOCio=
1,17,V4AiYpwhG5tfDgjwpsBCRcsCNfk=,GkngsMiEQyae8O6Rp0OwhTRh/sA=
0,17,V4AiYpwhG5tfDgjwpsBCRcsCNfk=,GkngsMiEQyae8O6Rp0OwhTRh/sA=
1,16,V4AiYpwhG5tfDgjwpsBCRcsCNfk=,GkngsMiEQyae8O6Rp0OwhTRh/sA=
0,16,V4AiYpwhG5tfDgjwpsBCRcsCNfk=,GkngsMiEQyae8O6Rp0OwhTRh/sA=
16,11,GonnzVXwYkV1wtaU2DzDYBqFqZQ=,qMHZbiMcXW+SJGZx0WKcffd+6jI=
17,11,GonnzVXwYkV1wtaU2DzDYBqFqZQ=,qMHZbiMcXW+SJGZx0WKcffd+6jI=
16,4,GonnzVXwYkV1wtaU2DzDYBqFqZQ=,bA95qWuaDJzYvMRhPpkiCdp3Fs4=
17,4,GonnzVXwYkV1wtaU2DzDYBqFqZQ=,bA95qWuaDJzYvMRhPpkiCdp3Fs4=
16,10,GonnzVXwYkV1wtaU2DzDYBqFqZQ=,qMHZbiMcXW+SJGZx0WKcffd+6jI=
17,9,GonnzVXwYkV1wtaU2DzDYBqFqZQ=,r4+nJDsQZv9WJXXy3sDFWtT/hMw=
17,10,GonnzVXwYkV1wtaU2DzDYBqFqZQ=,qMHZbiMcXW+SJGZx0WKcffd+6jI=
16,9,GonnzVXwYkV1wtaU2DzDYBqFqZQ=,r4+nJDsQZv9WJXXy3sDFWtT/hMw=
17,8,GonnzVXwYkV1wtaU2DzDYBqFqZQ=,r4+nJDsQZv9WJXXy3sDFWtT/hMw=
17,5,GonnzVXwYkV1wtaU2DzDYBqFqZQ=,bA95qWuaDJzYvMRhPpkiCdp3Fs4=
16,5,GonnzVXwYkV1wtaU2DzDYBqFqZQ=,bA95qWuaDJzYvMRhPpkiCdp3Fs4=
16,8,GonnzVXwYkV1wtaU2DzDYBqFqZQ=,r4+nJDsQZv9WJXXy3sDFWtT/hMw=
17,6,GonnzVXwYkV1wtaU2DzDYBqFqZQ=,xABA7UOptukVF9ee7YwBpoBvk6g=
17,7,GonnzVXwYkV1wtaU2DzDYBqFqZQ=,xABA7UOptukVF9ee7YwBpoBvk6g=
16,6,GonnzVXwYkV1wtaU2DzDYBqFqZQ=,xABA7UOptukVF9ee7YwBpoBvk6g=
16,7,GonnzVXwYkV1wtaU2DzDYBqFqZQ=,xABA7UOptukVF9ee7YwBpoBvk6g=
